--CURSO
INSERT INTO "CURSO" (IDCURSO, UBICACION) VALUES ('1', 'Providencia');
INSERT INTO "CURSO" (IDCURSO, UBICACION) VALUES ('2', 'Temuco');

--ALUMNO
INSERT INTO "ALUMNO" (IDALUMNO, NOMBRE, CURSO_IDCURSO) VALUES ('1', 'Alumno 1', '1');
INSERT INTO "ALUMNO" (IDALUMNO, NOMBRE, CURSO_IDCURSO) VALUES ('2', 'Alumno 2', '1');
INSERT INTO "ALUMNO" (IDALUMNO, NOMBRE, CURSO_IDCURSO) VALUES ('3', 'Alumno 3', '1');
INSERT INTO "ALUMNO" (IDALUMNO, NOMBRE, CURSO_IDCURSO) VALUES ('4', 'Alumno 4', '1');
INSERT INTO "ALUMNO" (IDALUMNO, NOMBRE, CURSO_IDCURSO) VALUES ('5', 'Alumno 5', '1');
INSERT INTO "ALUMNO" (IDALUMNO, NOMBRE, CURSO_IDCURSO) VALUES ('6', 'Alumno 6', '1');
INSERT INTO "ALUMNO" (IDALUMNO, NOMBRE, CURSO_IDCURSO) VALUES ('7', 'Alumno 7', '1');
INSERT INTO "ALUMNO" (IDALUMNO, NOMBRE, CURSO_IDCURSO) VALUES ('8', 'Alumno 8', '1');
INSERT INTO "ALUMNO" (IDALUMNO, NOMBRE, CURSO_IDCURSO) VALUES ('9', 'Alumno 9', '1');
INSERT INTO "ALUMNO" (IDALUMNO, NOMBRE, CURSO_IDCURSO) VALUES ('10', 'Alumno 10', '1');
INSERT INTO "ALUMNO" (IDALUMNO, NOMBRE, CURSO_IDCURSO) VALUES ('11', 'Alumno 11', '2');
INSERT INTO "ALUMNO" (IDALUMNO, NOMBRE, CURSO_IDCURSO) VALUES ('12', 'Alumno 12', '2');
INSERT INTO "ALUMNO" (IDALUMNO, NOMBRE, CURSO_IDCURSO) VALUES ('13', 'Alumno 13', '2');
INSERT INTO "ALUMNO" (IDALUMNO, NOMBRE, CURSO_IDCURSO) VALUES ('14', 'Alumno 14', '2');
INSERT INTO "ALUMNO" (IDALUMNO, NOMBRE, CURSO_IDCURSO) VALUES ('15', 'Alumno 15', '2');
INSERT INTO "ALUMNO" (IDALUMNO, NOMBRE, CURSO_IDCURSO) VALUES ('16', 'Alumno 16', '2');
INSERT INTO "ALUMNO" (IDALUMNO, NOMBRE, CURSO_IDCURSO) VALUES ('17', 'Alumno 17', '2');
INSERT INTO "ALUMNO" (IDALUMNO, NOMBRE, CURSO_IDCURSO) VALUES ('18', 'Alumno 18', '2');
INSERT INTO "ALUMNO" (IDALUMNO, NOMBRE, CURSO_IDCURSO) VALUES ('19', 'Alumno 19', '2');
INSERT INTO "ALUMNO" (IDALUMNO, NOMBRE, CURSO_IDCURSO) VALUES ('20', 'Alumno 20', '2');

--TEST
INSERT INTO "TEST" (IDTEST, NOMBRE, DESCRIPCION, PROGRAMA, UNIDAD, AUTOR, FECHA_CREACION) VALUES ('1', 'Prueba 1', 'Java OOP', 'FullStack Java', '1', 'Brian', TO_DATE('2020-04-01', 'YYYY-MM-DD'));
INSERT INTO "TEST" (IDTEST, NOMBRE, DESCRIPCION, PROGRAMA, UNIDAD, AUTOR, FECHA_CREACION) VALUES ('2', 'Prueba 2', 'SQL', 'FullStack Java', '2', 'Brian', TO_DATE('2020-04-14', 'YYYY-MM-DD'));

--TESTCURSO
INSERT INTO "TESTCURSO" (TEST_IDTEST, CURSO_IDCURSO) VALUES ('1', '1');
INSERT INTO "TESTCURSO" (TEST_IDTEST, CURSO_IDCURSO) VALUES ('2', '1');
INSERT INTO "TESTCURSO" (TEST_IDTEST, CURSO_IDCURSO) VALUES ('1', '2');
INSERT INTO "TESTCURSO" (TEST_IDTEST, CURSO_IDCURSO) VALUES ('2', '2');

--PREGUNTA
INSERT INTO "PREGUNTA" (IDPREGUNTA, ENUNCIADO, PUNTAJE, TEST_IDTEST) VALUES ('1', 'Pregunta 1-1', '1', '1');
INSERT INTO "PREGUNTA" (IDPREGUNTA, ENUNCIADO, PUNTAJE, TEST_IDTEST) VALUES ('2', 'Pregunta 1-2', '1', '1');
INSERT INTO "PREGUNTA" (IDPREGUNTA, ENUNCIADO, PUNTAJE, TEST_IDTEST) VALUES ('3', 'Pregunta 1-3', '1', '1');
INSERT INTO "PREGUNTA" (IDPREGUNTA, ENUNCIADO, PUNTAJE, TEST_IDTEST) VALUES ('4', 'Pregunta 1-4', '1', '1');
INSERT INTO "PREGUNTA" (IDPREGUNTA, ENUNCIADO, PUNTAJE, TEST_IDTEST) VALUES ('5', 'Pregunta 1-5', '1', '1');
INSERT INTO "PREGUNTA" (IDPREGUNTA, ENUNCIADO, PUNTAJE, TEST_IDTEST) VALUES ('6', 'Pregunta 1-6', '1', '1');
INSERT INTO "PREGUNTA" (IDPREGUNTA, ENUNCIADO, PUNTAJE, TEST_IDTEST) VALUES ('7', 'Pregunta 1-7', '1', '1');
INSERT INTO "PREGUNTA" (IDPREGUNTA, ENUNCIADO, PUNTAJE, TEST_IDTEST) VALUES ('8', 'Pregunta 1-8', '1', '1');
INSERT INTO "PREGUNTA" (IDPREGUNTA, ENUNCIADO, PUNTAJE, TEST_IDTEST) VALUES ('9', 'Pregunta 1-9', '1', '1');
INSERT INTO "PREGUNTA" (IDPREGUNTA, ENUNCIADO, PUNTAJE, TEST_IDTEST) VALUES ('10', 'Pregunta 1-10', '1', '1');
INSERT INTO "PREGUNTA" (IDPREGUNTA, ENUNCIADO, PUNTAJE, TEST_IDTEST) VALUES ('11', 'Pregunta 2-1', '1', '2');
INSERT INTO "PREGUNTA" (IDPREGUNTA, ENUNCIADO, PUNTAJE, TEST_IDTEST) VALUES ('12', 'Pregunta 2-2', '1', '2');
INSERT INTO "PREGUNTA" (IDPREGUNTA, ENUNCIADO, PUNTAJE, TEST_IDTEST) VALUES ('13', 'Pregunta 2-3', '1', '2');
INSERT INTO "PREGUNTA" (IDPREGUNTA, ENUNCIADO, PUNTAJE, TEST_IDTEST) VALUES ('14', 'Pregunta 2-4', '1', '2');
INSERT INTO "PREGUNTA" (IDPREGUNTA, ENUNCIADO, PUNTAJE, TEST_IDTEST) VALUES ('15', 'Pregunta 2-5', '1', '2');
INSERT INTO "PREGUNTA" (IDPREGUNTA, ENUNCIADO, PUNTAJE, TEST_IDTEST) VALUES ('16', 'Pregunta 2-6', '1', '2');
INSERT INTO "PREGUNTA" (IDPREGUNTA, ENUNCIADO, PUNTAJE, TEST_IDTEST) VALUES ('17', 'Pregunta 2-7', '1', '2');
INSERT INTO "PREGUNTA" (IDPREGUNTA, ENUNCIADO, PUNTAJE, TEST_IDTEST) VALUES ('18', 'Pregunta 2-8', '1', '2');
INSERT INTO "PREGUNTA" (IDPREGUNTA, ENUNCIADO, PUNTAJE, TEST_IDTEST) VALUES ('19', 'Pregunta 2-9', '1', '2');
INSERT INTO "PREGUNTA" (IDPREGUNTA, ENUNCIADO, PUNTAJE, TEST_IDTEST) VALUES ('20', 'Pregunta 2-10', '1', '2');

--ALTERNATIVA
INSERT INTO "ALTERNATIVA" (IDALTERNATIVA, DESCRIPCION, CORRECTA, PORCENTAJE, PREGUNTA_IDPREGUNTA) VALUES ('1', 'A', '1', '1', '1');
INSERT INTO "ALTERNATIVA" (IDALTERNATIVA, DESCRIPCION, CORRECTA, PORCENTAJE, PREGUNTA_IDPREGUNTA) VALUES ('2', 'B', '0', '0', '1');
INSERT INTO "ALTERNATIVA" (IDALTERNATIVA, DESCRIPCION, CORRECTA, PORCENTAJE, PREGUNTA_IDPREGUNTA) VALUES ('3', 'C', '0', '0', '1');
INSERT INTO "ALTERNATIVA" (IDALTERNATIVA, DESCRIPCION, CORRECTA, PORCENTAJE, PREGUNTA_IDPREGUNTA) VALUES ('4', 'D', '0', '0', '1');
INSERT INTO "ALTERNATIVA" (IDALTERNATIVA, DESCRIPCION, CORRECTA, PORCENTAJE, PREGUNTA_IDPREGUNTA) VALUES ('5', 'A', '1', '1', '2');
INSERT INTO "ALTERNATIVA" (IDALTERNATIVA, DESCRIPCION, CORRECTA, PORCENTAJE, PREGUNTA_IDPREGUNTA) VALUES ('6', 'B', '0', '0', '2');
INSERT INTO "ALTERNATIVA" (IDALTERNATIVA, DESCRIPCION, CORRECTA, PORCENTAJE, PREGUNTA_IDPREGUNTA) VALUES ('7', 'C', '0', '0', '2');
INSERT INTO "ALTERNATIVA" (IDALTERNATIVA, DESCRIPCION, CORRECTA, PORCENTAJE, PREGUNTA_IDPREGUNTA) VALUES ('8', 'D', '0', '0', '2');
INSERT INTO "ALTERNATIVA" (IDALTERNATIVA, DESCRIPCION, CORRECTA, PORCENTAJE, PREGUNTA_IDPREGUNTA) VALUES ('9', 'A', '1', '1', '3');
INSERT INTO "ALTERNATIVA" (IDALTERNATIVA, DESCRIPCION, CORRECTA, PORCENTAJE, PREGUNTA_IDPREGUNTA) VALUES ('10', 'B', '0', '0', '3');
INSERT INTO "ALTERNATIVA" (IDALTERNATIVA, DESCRIPCION, CORRECTA, PORCENTAJE, PREGUNTA_IDPREGUNTA) VALUES ('11', 'C', '0', '0', '3');
INSERT INTO "ALTERNATIVA" (IDALTERNATIVA, DESCRIPCION, CORRECTA, PORCENTAJE, PREGUNTA_IDPREGUNTA) VALUES ('12', 'D', '0', '0', '3');
INSERT INTO "ALTERNATIVA" (IDALTERNATIVA, DESCRIPCION, CORRECTA, PORCENTAJE, PREGUNTA_IDPREGUNTA) VALUES ('13', 'A', '1', '1', '4');
INSERT INTO "ALTERNATIVA" (IDALTERNATIVA, DESCRIPCION, CORRECTA, PORCENTAJE, PREGUNTA_IDPREGUNTA) VALUES ('14', 'B', '0', '0', '4');
INSERT INTO "ALTERNATIVA" (IDALTERNATIVA, DESCRIPCION, CORRECTA, PORCENTAJE, PREGUNTA_IDPREGUNTA) VALUES ('15', 'C', '0', '0', '4');
INSERT INTO "ALTERNATIVA" (IDALTERNATIVA, DESCRIPCION, CORRECTA, PORCENTAJE, PREGUNTA_IDPREGUNTA) VALUES ('16', 'D', '0', '0', '4');
INSERT INTO "ALTERNATIVA" (IDALTERNATIVA, DESCRIPCION, CORRECTA, PORCENTAJE, PREGUNTA_IDPREGUNTA) VALUES ('17', 'A', '1', '1', '5');
INSERT INTO "ALTERNATIVA" (IDALTERNATIVA, DESCRIPCION, CORRECTA, PORCENTAJE, PREGUNTA_IDPREGUNTA) VALUES ('18', 'B', '0', '0', '5');
INSERT INTO "ALTERNATIVA" (IDALTERNATIVA, DESCRIPCION, CORRECTA, PORCENTAJE, PREGUNTA_IDPREGUNTA) VALUES ('19', 'C', '0', '0', '5');
INSERT INTO "ALTERNATIVA" (IDALTERNATIVA, DESCRIPCION, CORRECTA, PORCENTAJE, PREGUNTA_IDPREGUNTA) VALUES ('20', 'D', '0', '0', '5');
INSERT INTO "ALTERNATIVA" (IDALTERNATIVA, DESCRIPCION, CORRECTA, PORCENTAJE, PREGUNTA_IDPREGUNTA) VALUES ('21', 'A', '1', '1', '6');
INSERT INTO "ALTERNATIVA" (IDALTERNATIVA, DESCRIPCION, CORRECTA, PORCENTAJE, PREGUNTA_IDPREGUNTA) VALUES ('22', 'B', '0', '0', '6');
INSERT INTO "ALTERNATIVA" (IDALTERNATIVA, DESCRIPCION, CORRECTA, PORCENTAJE, PREGUNTA_IDPREGUNTA) VALUES ('23', 'C', '0', '0', '6');
INSERT INTO "ALTERNATIVA" (IDALTERNATIVA, DESCRIPCION, CORRECTA, PORCENTAJE, PREGUNTA_IDPREGUNTA) VALUES ('24', 'D', '0', '0', '6');
INSERT INTO "ALTERNATIVA" (IDALTERNATIVA, DESCRIPCION, CORRECTA, PORCENTAJE, PREGUNTA_IDPREGUNTA) VALUES ('25', 'A', '1', '1', '7');
INSERT INTO "ALTERNATIVA" (IDALTERNATIVA, DESCRIPCION, CORRECTA, PORCENTAJE, PREGUNTA_IDPREGUNTA) VALUES ('26', 'B', '0', '0', '7');
INSERT INTO "ALTERNATIVA" (IDALTERNATIVA, DESCRIPCION, CORRECTA, PORCENTAJE, PREGUNTA_IDPREGUNTA) VALUES ('27', 'C', '0', '0', '7');
INSERT INTO "ALTERNATIVA" (IDALTERNATIVA, DESCRIPCION, CORRECTA, PORCENTAJE, PREGUNTA_IDPREGUNTA) VALUES ('28', 'D', '0', '0', '7');
INSERT INTO "ALTERNATIVA" (IDALTERNATIVA, DESCRIPCION, CORRECTA, PORCENTAJE, PREGUNTA_IDPREGUNTA) VALUES ('29', 'A', '1', '1', '8');
INSERT INTO "ALTERNATIVA" (IDALTERNATIVA, DESCRIPCION, CORRECTA, PORCENTAJE, PREGUNTA_IDPREGUNTA) VALUES ('30', 'B', '0', '0', '8');
INSERT INTO "ALTERNATIVA" (IDALTERNATIVA, DESCRIPCION, CORRECTA, PORCENTAJE, PREGUNTA_IDPREGUNTA) VALUES ('31', 'C', '0', '0', '8');
INSERT INTO "ALTERNATIVA" (IDALTERNATIVA, DESCRIPCION, CORRECTA, PORCENTAJE, PREGUNTA_IDPREGUNTA) VALUES ('32', 'D', '0', '0', '8');
INSERT INTO "ALTERNATIVA" (IDALTERNATIVA, DESCRIPCION, CORRECTA, PORCENTAJE, PREGUNTA_IDPREGUNTA) VALUES ('33', 'A', '1', '1', '9');
INSERT INTO "ALTERNATIVA" (IDALTERNATIVA, DESCRIPCION, CORRECTA, PORCENTAJE, PREGUNTA_IDPREGUNTA) VALUES ('34', 'B', '0', '0', '9');
INSERT INTO "ALTERNATIVA" (IDALTERNATIVA, DESCRIPCION, CORRECTA, PORCENTAJE, PREGUNTA_IDPREGUNTA) VALUES ('35', 'C', '0', '0', '9');
INSERT INTO "ALTERNATIVA" (IDALTERNATIVA, DESCRIPCION, CORRECTA, PORCENTAJE, PREGUNTA_IDPREGUNTA) VALUES ('36', 'D', '0', '0', '9');
INSERT INTO "ALTERNATIVA" (IDALTERNATIVA, DESCRIPCION, CORRECTA, PORCENTAJE, PREGUNTA_IDPREGUNTA) VALUES ('37', 'A', '1', '1', '10');
INSERT INTO "ALTERNATIVA" (IDALTERNATIVA, DESCRIPCION, CORRECTA, PORCENTAJE, PREGUNTA_IDPREGUNTA) VALUES ('38', 'B', '0', '0', '10');
INSERT INTO "ALTERNATIVA" (IDALTERNATIVA, DESCRIPCION, CORRECTA, PORCENTAJE, PREGUNTA_IDPREGUNTA) VALUES ('39', 'C', '0', '0', '10');
INSERT INTO "ALTERNATIVA" (IDALTERNATIVA, DESCRIPCION, CORRECTA, PORCENTAJE, PREGUNTA_IDPREGUNTA) VALUES ('40', 'D', '0', '0', '10');
INSERT INTO "ALTERNATIVA" (IDALTERNATIVA, DESCRIPCION, CORRECTA, PORCENTAJE, PREGUNTA_IDPREGUNTA) VALUES ('41', 'A', '1', '1', '11');
INSERT INTO "ALTERNATIVA" (IDALTERNATIVA, DESCRIPCION, CORRECTA, PORCENTAJE, PREGUNTA_IDPREGUNTA) VALUES ('42', 'B', '0', '0', '11');
INSERT INTO "ALTERNATIVA" (IDALTERNATIVA, DESCRIPCION, CORRECTA, PORCENTAJE, PREGUNTA_IDPREGUNTA) VALUES ('43', 'C', '0', '0', '11');
INSERT INTO "ALTERNATIVA" (IDALTERNATIVA, DESCRIPCION, CORRECTA, PORCENTAJE, PREGUNTA_IDPREGUNTA) VALUES ('44', 'D', '0', '0', '11');
INSERT INTO "ALTERNATIVA" (IDALTERNATIVA, DESCRIPCION, CORRECTA, PORCENTAJE, PREGUNTA_IDPREGUNTA) VALUES ('45', 'A', '1', '1', '12');
INSERT INTO "ALTERNATIVA" (IDALTERNATIVA, DESCRIPCION, CORRECTA, PORCENTAJE, PREGUNTA_IDPREGUNTA) VALUES ('46', 'B', '0', '0', '12');
INSERT INTO "ALTERNATIVA" (IDALTERNATIVA, DESCRIPCION, CORRECTA, PORCENTAJE, PREGUNTA_IDPREGUNTA) VALUES ('47', 'C', '0', '0', '12');
INSERT INTO "ALTERNATIVA" (IDALTERNATIVA, DESCRIPCION, CORRECTA, PORCENTAJE, PREGUNTA_IDPREGUNTA) VALUES ('48', 'D', '0', '0', '12');
INSERT INTO "ALTERNATIVA" (IDALTERNATIVA, DESCRIPCION, CORRECTA, PORCENTAJE, PREGUNTA_IDPREGUNTA) VALUES ('49', 'A', '1', '1', '13');
INSERT INTO "ALTERNATIVA" (IDALTERNATIVA, DESCRIPCION, CORRECTA, PORCENTAJE, PREGUNTA_IDPREGUNTA) VALUES ('50', 'B', '0', '0', '13');
INSERT INTO "ALTERNATIVA" (IDALTERNATIVA, DESCRIPCION, CORRECTA, PORCENTAJE, PREGUNTA_IDPREGUNTA) VALUES ('51', 'C', '0', '0', '13');
INSERT INTO "ALTERNATIVA" (IDALTERNATIVA, DESCRIPCION, CORRECTA, PORCENTAJE, PREGUNTA_IDPREGUNTA) VALUES ('52', 'D', '0', '0', '13');
INSERT INTO "ALTERNATIVA" (IDALTERNATIVA, DESCRIPCION, CORRECTA, PORCENTAJE, PREGUNTA_IDPREGUNTA) VALUES ('53', 'A', '1', '1', '14');
INSERT INTO "ALTERNATIVA" (IDALTERNATIVA, DESCRIPCION, CORRECTA, PORCENTAJE, PREGUNTA_IDPREGUNTA) VALUES ('54', 'B', '0', '0', '14');
INSERT INTO "ALTERNATIVA" (IDALTERNATIVA, DESCRIPCION, CORRECTA, PORCENTAJE, PREGUNTA_IDPREGUNTA) VALUES ('55', 'C', '0', '0', '14');
INSERT INTO "ALTERNATIVA" (IDALTERNATIVA, DESCRIPCION, CORRECTA, PORCENTAJE, PREGUNTA_IDPREGUNTA) VALUES ('56', 'D', '0', '0', '14');
INSERT INTO "ALTERNATIVA" (IDALTERNATIVA, DESCRIPCION, CORRECTA, PORCENTAJE, PREGUNTA_IDPREGUNTA) VALUES ('57', 'A', '1', '1', '15');
INSERT INTO "ALTERNATIVA" (IDALTERNATIVA, DESCRIPCION, CORRECTA, PORCENTAJE, PREGUNTA_IDPREGUNTA) VALUES ('58', 'B', '0', '0', '15');
INSERT INTO "ALTERNATIVA" (IDALTERNATIVA, DESCRIPCION, CORRECTA, PORCENTAJE, PREGUNTA_IDPREGUNTA) VALUES ('59', 'C', '0', '0', '15');
INSERT INTO "ALTERNATIVA" (IDALTERNATIVA, DESCRIPCION, CORRECTA, PORCENTAJE, PREGUNTA_IDPREGUNTA) VALUES ('60', 'D', '0', '0', '15');
INSERT INTO "ALTERNATIVA" (IDALTERNATIVA, DESCRIPCION, CORRECTA, PORCENTAJE, PREGUNTA_IDPREGUNTA) VALUES ('61', 'A', '1', '1', '16');
INSERT INTO "ALTERNATIVA" (IDALTERNATIVA, DESCRIPCION, CORRECTA, PORCENTAJE, PREGUNTA_IDPREGUNTA) VALUES ('62', 'B', '0', '0', '16');
INSERT INTO "ALTERNATIVA" (IDALTERNATIVA, DESCRIPCION, CORRECTA, PORCENTAJE, PREGUNTA_IDPREGUNTA) VALUES ('63', 'C', '0', '0', '16');
INSERT INTO "ALTERNATIVA" (IDALTERNATIVA, DESCRIPCION, CORRECTA, PORCENTAJE, PREGUNTA_IDPREGUNTA) VALUES ('64', 'D', '0', '0', '16');
INSERT INTO "ALTERNATIVA" (IDALTERNATIVA, DESCRIPCION, CORRECTA, PORCENTAJE, PREGUNTA_IDPREGUNTA) VALUES ('65', 'A', '1', '1', '17');
INSERT INTO "ALTERNATIVA" (IDALTERNATIVA, DESCRIPCION, CORRECTA, PORCENTAJE, PREGUNTA_IDPREGUNTA) VALUES ('66', 'B', '0', '0', '17');
INSERT INTO "ALTERNATIVA" (IDALTERNATIVA, DESCRIPCION, CORRECTA, PORCENTAJE, PREGUNTA_IDPREGUNTA) VALUES ('67', 'C', '0', '0', '17');
INSERT INTO "ALTERNATIVA" (IDALTERNATIVA, DESCRIPCION, CORRECTA, PORCENTAJE, PREGUNTA_IDPREGUNTA) VALUES ('68', 'D', '0', '0', '17');
INSERT INTO "ALTERNATIVA" (IDALTERNATIVA, DESCRIPCION, CORRECTA, PORCENTAJE, PREGUNTA_IDPREGUNTA) VALUES ('69', 'A', '1', '1', '18');
INSERT INTO "ALTERNATIVA" (IDALTERNATIVA, DESCRIPCION, CORRECTA, PORCENTAJE, PREGUNTA_IDPREGUNTA) VALUES ('70', 'B', '0', '0', '18');
INSERT INTO "ALTERNATIVA" (IDALTERNATIVA, DESCRIPCION, CORRECTA, PORCENTAJE, PREGUNTA_IDPREGUNTA) VALUES ('71', 'C', '0', '0', '18');
INSERT INTO "ALTERNATIVA" (IDALTERNATIVA, DESCRIPCION, CORRECTA, PORCENTAJE, PREGUNTA_IDPREGUNTA) VALUES ('72', 'D', '0', '0', '18');
INSERT INTO "ALTERNATIVA" (IDALTERNATIVA, DESCRIPCION, CORRECTA, PORCENTAJE, PREGUNTA_IDPREGUNTA) VALUES ('73', 'A', '1', '1', '19');
INSERT INTO "ALTERNATIVA" (IDALTERNATIVA, DESCRIPCION, CORRECTA, PORCENTAJE, PREGUNTA_IDPREGUNTA) VALUES ('74', 'B', '0', '0', '19');
INSERT INTO "ALTERNATIVA" (IDALTERNATIVA, DESCRIPCION, CORRECTA, PORCENTAJE, PREGUNTA_IDPREGUNTA) VALUES ('75', 'C', '0', '0', '19');
INSERT INTO "ALTERNATIVA" (IDALTERNATIVA, DESCRIPCION, CORRECTA, PORCENTAJE, PREGUNTA_IDPREGUNTA) VALUES ('76', 'D', '0', '0', '19');
INSERT INTO "ALTERNATIVA" (IDALTERNATIVA, DESCRIPCION, CORRECTA, PORCENTAJE, PREGUNTA_IDPREGUNTA) VALUES ('77', 'A', '1', '1', '20');
INSERT INTO "ALTERNATIVA" (IDALTERNATIVA, DESCRIPCION, CORRECTA, PORCENTAJE, PREGUNTA_IDPREGUNTA) VALUES ('78', 'B', '0', '0', '20');
INSERT INTO "ALTERNATIVA" (IDALTERNATIVA, DESCRIPCION, CORRECTA, PORCENTAJE, PREGUNTA_IDPREGUNTA) VALUES ('79', 'C', '0', '0', '20');
INSERT INTO "ALTERNATIVA" (IDALTERNATIVA, DESCRIPCION, CORRECTA, PORCENTAJE, PREGUNTA_IDPREGUNTA) VALUES ('80', 'D', '0', '0', '20');

--RESPUESTA
INSERT INTO "RESPUESTA" (IDRESPUESTA, ALUMNO_IDALUMNO, ALUMNO_CURSO_IDCURSO, PREGUNTA_IDPREGUNTA, ALTERNATIVA_IDALTERNATIVA) VALUES ('1', '1', '1', '1', '1');
INSERT INTO "RESPUESTA" (IDRESPUESTA, ALUMNO_IDALUMNO, ALUMNO_CURSO_IDCURSO, PREGUNTA_IDPREGUNTA, ALTERNATIVA_IDALTERNATIVA) VALUES ('2', '1', '1', '2', '5');
INSERT INTO "RESPUESTA" (IDRESPUESTA, ALUMNO_IDALUMNO, ALUMNO_CURSO_IDCURSO, PREGUNTA_IDPREGUNTA, ALTERNATIVA_IDALTERNATIVA) VALUES ('3', '1', '1', '3', '9');
INSERT INTO "RESPUESTA" (IDRESPUESTA, ALUMNO_IDALUMNO, ALUMNO_CURSO_IDCURSO, PREGUNTA_IDPREGUNTA, ALTERNATIVA_IDALTERNATIVA) VALUES ('4', '1', '1', '4', '13');
INSERT INTO "RESPUESTA" (IDRESPUESTA, ALUMNO_IDALUMNO, ALUMNO_CURSO_IDCURSO, PREGUNTA_IDPREGUNTA, ALTERNATIVA_IDALTERNATIVA) VALUES ('5', '1', '1', '5', '17');
INSERT INTO "RESPUESTA" (IDRESPUESTA, ALUMNO_IDALUMNO, ALUMNO_CURSO_IDCURSO, PREGUNTA_IDPREGUNTA, ALTERNATIVA_IDALTERNATIVA) VALUES ('6', '1', '1', '6', '21');
INSERT INTO "RESPUESTA" (IDRESPUESTA, ALUMNO_IDALUMNO, ALUMNO_CURSO_IDCURSO, PREGUNTA_IDPREGUNTA, ALTERNATIVA_IDALTERNATIVA) VALUES ('7', '1', '1', '7', '25');
INSERT INTO "RESPUESTA" (IDRESPUESTA, ALUMNO_IDALUMNO, ALUMNO_CURSO_IDCURSO, PREGUNTA_IDPREGUNTA, ALTERNATIVA_IDALTERNATIVA) VALUES ('8', '1', '1', '8', '29');
INSERT INTO "RESPUESTA" (IDRESPUESTA, ALUMNO_IDALUMNO, ALUMNO_CURSO_IDCURSO, PREGUNTA_IDPREGUNTA, ALTERNATIVA_IDALTERNATIVA) VALUES ('9', '1', '1', '9', '33');
INSERT INTO "RESPUESTA" (IDRESPUESTA, ALUMNO_IDALUMNO, ALUMNO_CURSO_IDCURSO, PREGUNTA_IDPREGUNTA, ALTERNATIVA_IDALTERNATIVA) VALUES ('10', '1', '1', '10', '37');
INSERT INTO "RESPUESTA" (IDRESPUESTA, ALUMNO_IDALUMNO, ALUMNO_CURSO_IDCURSO, PREGUNTA_IDPREGUNTA, ALTERNATIVA_IDALTERNATIVA) VALUES ('11', '2', '1', '1', '1');
INSERT INTO "RESPUESTA" (IDRESPUESTA, ALUMNO_IDALUMNO, ALUMNO_CURSO_IDCURSO, PREGUNTA_IDPREGUNTA, ALTERNATIVA_IDALTERNATIVA) VALUES ('12', '2', '1', '2', '5');
INSERT INTO "RESPUESTA" (IDRESPUESTA, ALUMNO_IDALUMNO, ALUMNO_CURSO_IDCURSO, PREGUNTA_IDPREGUNTA, ALTERNATIVA_IDALTERNATIVA) VALUES ('13', '2', '1', '3', '9');
INSERT INTO "RESPUESTA" (IDRESPUESTA, ALUMNO_IDALUMNO, ALUMNO_CURSO_IDCURSO, PREGUNTA_IDPREGUNTA, ALTERNATIVA_IDALTERNATIVA) VALUES ('14', '2', '1', '4', '13');
INSERT INTO "RESPUESTA" (IDRESPUESTA, ALUMNO_IDALUMNO, ALUMNO_CURSO_IDCURSO, PREGUNTA_IDPREGUNTA, ALTERNATIVA_IDALTERNATIVA) VALUES ('15', '2', '1', '5', '17');
INSERT INTO "RESPUESTA" (IDRESPUESTA, ALUMNO_IDALUMNO, ALUMNO_CURSO_IDCURSO, PREGUNTA_IDPREGUNTA, ALTERNATIVA_IDALTERNATIVA) VALUES ('16', '2', '1', '6', '21');
INSERT INTO "RESPUESTA" (IDRESPUESTA, ALUMNO_IDALUMNO, ALUMNO_CURSO_IDCURSO, PREGUNTA_IDPREGUNTA, ALTERNATIVA_IDALTERNATIVA) VALUES ('17', '2', '1', '7', '25');
INSERT INTO "RESPUESTA" (IDRESPUESTA, ALUMNO_IDALUMNO, ALUMNO_CURSO_IDCURSO, PREGUNTA_IDPREGUNTA, ALTERNATIVA_IDALTERNATIVA) VALUES ('18', '2', '1', '8', '29');
INSERT INTO "RESPUESTA" (IDRESPUESTA, ALUMNO_IDALUMNO, ALUMNO_CURSO_IDCURSO, PREGUNTA_IDPREGUNTA, ALTERNATIVA_IDALTERNATIVA) VALUES ('19', '2', '1', '9', '33');
INSERT INTO "RESPUESTA" (IDRESPUESTA, ALUMNO_IDALUMNO, ALUMNO_CURSO_IDCURSO, PREGUNTA_IDPREGUNTA, ALTERNATIVA_IDALTERNATIVA) VALUES ('20', '2', '1', '10', '37');
INSERT INTO "RESPUESTA" (IDRESPUESTA, ALUMNO_IDALUMNO, ALUMNO_CURSO_IDCURSO, PREGUNTA_IDPREGUNTA, ALTERNATIVA_IDALTERNATIVA) VALUES ('21', '3', '1', '1', '1');
INSERT INTO "RESPUESTA" (IDRESPUESTA, ALUMNO_IDALUMNO, ALUMNO_CURSO_IDCURSO, PREGUNTA_IDPREGUNTA, ALTERNATIVA_IDALTERNATIVA) VALUES ('22', '3', '1', '2', '5');
INSERT INTO "RESPUESTA" (IDRESPUESTA, ALUMNO_IDALUMNO, ALUMNO_CURSO_IDCURSO, PREGUNTA_IDPREGUNTA, ALTERNATIVA_IDALTERNATIVA) VALUES ('23', '3', '1', '3', '9');
INSERT INTO "RESPUESTA" (IDRESPUESTA, ALUMNO_IDALUMNO, ALUMNO_CURSO_IDCURSO, PREGUNTA_IDPREGUNTA, ALTERNATIVA_IDALTERNATIVA) VALUES ('24', '3', '1', '4', '13');
INSERT INTO "RESPUESTA" (IDRESPUESTA, ALUMNO_IDALUMNO, ALUMNO_CURSO_IDCURSO, PREGUNTA_IDPREGUNTA, ALTERNATIVA_IDALTERNATIVA) VALUES ('25', '3', '1', '5', '17');
INSERT INTO "RESPUESTA" (IDRESPUESTA, ALUMNO_IDALUMNO, ALUMNO_CURSO_IDCURSO, PREGUNTA_IDPREGUNTA, ALTERNATIVA_IDALTERNATIVA) VALUES ('26', '3', '1', '6', '21');
INSERT INTO "RESPUESTA" (IDRESPUESTA, ALUMNO_IDALUMNO, ALUMNO_CURSO_IDCURSO, PREGUNTA_IDPREGUNTA, ALTERNATIVA_IDALTERNATIVA) VALUES ('27', '3', '1', '7', '25');
INSERT INTO "RESPUESTA" (IDRESPUESTA, ALUMNO_IDALUMNO, ALUMNO_CURSO_IDCURSO, PREGUNTA_IDPREGUNTA, ALTERNATIVA_IDALTERNATIVA) VALUES ('28', '3', '1', '8', '29');
INSERT INTO "RESPUESTA" (IDRESPUESTA, ALUMNO_IDALUMNO, ALUMNO_CURSO_IDCURSO, PREGUNTA_IDPREGUNTA, ALTERNATIVA_IDALTERNATIVA) VALUES ('29', '3', '1', '9', '33');
INSERT INTO "RESPUESTA" (IDRESPUESTA, ALUMNO_IDALUMNO, ALUMNO_CURSO_IDCURSO, PREGUNTA_IDPREGUNTA, ALTERNATIVA_IDALTERNATIVA) VALUES ('30', '3', '1', '10', '37');
INSERT INTO "RESPUESTA" (IDRESPUESTA, ALUMNO_IDALUMNO, ALUMNO_CURSO_IDCURSO, PREGUNTA_IDPREGUNTA, ALTERNATIVA_IDALTERNATIVA) VALUES ('31', '4', '1', '1', '1');
INSERT INTO "RESPUESTA" (IDRESPUESTA, ALUMNO_IDALUMNO, ALUMNO_CURSO_IDCURSO, PREGUNTA_IDPREGUNTA, ALTERNATIVA_IDALTERNATIVA) VALUES ('32', '4', '1', '2', '5');
INSERT INTO "RESPUESTA" (IDRESPUESTA, ALUMNO_IDALUMNO, ALUMNO_CURSO_IDCURSO, PREGUNTA_IDPREGUNTA, ALTERNATIVA_IDALTERNATIVA) VALUES ('33', '4', '1', '3', '9');
INSERT INTO "RESPUESTA" (IDRESPUESTA, ALUMNO_IDALUMNO, ALUMNO_CURSO_IDCURSO, PREGUNTA_IDPREGUNTA, ALTERNATIVA_IDALTERNATIVA) VALUES ('34', '4', '1', '4', '13');
INSERT INTO "RESPUESTA" (IDRESPUESTA, ALUMNO_IDALUMNO, ALUMNO_CURSO_IDCURSO, PREGUNTA_IDPREGUNTA, ALTERNATIVA_IDALTERNATIVA) VALUES ('35', '4', '1', '5', '17');
INSERT INTO "RESPUESTA" (IDRESPUESTA, ALUMNO_IDALUMNO, ALUMNO_CURSO_IDCURSO, PREGUNTA_IDPREGUNTA, ALTERNATIVA_IDALTERNATIVA) VALUES ('36', '4', '1', '6', '21');
INSERT INTO "RESPUESTA" (IDRESPUESTA, ALUMNO_IDALUMNO, ALUMNO_CURSO_IDCURSO, PREGUNTA_IDPREGUNTA, ALTERNATIVA_IDALTERNATIVA) VALUES ('37', '4', '1', '7', '25');
INSERT INTO "RESPUESTA" (IDRESPUESTA, ALUMNO_IDALUMNO, ALUMNO_CURSO_IDCURSO, PREGUNTA_IDPREGUNTA, ALTERNATIVA_IDALTERNATIVA) VALUES ('38', '4', '1', '8', '29');
INSERT INTO "RESPUESTA" (IDRESPUESTA, ALUMNO_IDALUMNO, ALUMNO_CURSO_IDCURSO, PREGUNTA_IDPREGUNTA, ALTERNATIVA_IDALTERNATIVA) VALUES ('39', '4', '1', '9', '33');
INSERT INTO "RESPUESTA" (IDRESPUESTA, ALUMNO_IDALUMNO, ALUMNO_CURSO_IDCURSO, PREGUNTA_IDPREGUNTA, ALTERNATIVA_IDALTERNATIVA) VALUES ('40', '4', '1', '10', '37');
INSERT INTO "RESPUESTA" (IDRESPUESTA, ALUMNO_IDALUMNO, ALUMNO_CURSO_IDCURSO, PREGUNTA_IDPREGUNTA, ALTERNATIVA_IDALTERNATIVA) VALUES ('41', '5', '1', '1', '1');
INSERT INTO "RESPUESTA" (IDRESPUESTA, ALUMNO_IDALUMNO, ALUMNO_CURSO_IDCURSO, PREGUNTA_IDPREGUNTA, ALTERNATIVA_IDALTERNATIVA) VALUES ('42', '5', '1', '2', '5');
INSERT INTO "RESPUESTA" (IDRESPUESTA, ALUMNO_IDALUMNO, ALUMNO_CURSO_IDCURSO, PREGUNTA_IDPREGUNTA, ALTERNATIVA_IDALTERNATIVA) VALUES ('43', '5', '1', '3', '9');
INSERT INTO "RESPUESTA" (IDRESPUESTA, ALUMNO_IDALUMNO, ALUMNO_CURSO_IDCURSO, PREGUNTA_IDPREGUNTA, ALTERNATIVA_IDALTERNATIVA) VALUES ('44', '5', '1', '4', '13');
INSERT INTO "RESPUESTA" (IDRESPUESTA, ALUMNO_IDALUMNO, ALUMNO_CURSO_IDCURSO, PREGUNTA_IDPREGUNTA, ALTERNATIVA_IDALTERNATIVA) VALUES ('45', '5', '1', '5', '17');
INSERT INTO "RESPUESTA" (IDRESPUESTA, ALUMNO_IDALUMNO, ALUMNO_CURSO_IDCURSO, PREGUNTA_IDPREGUNTA, ALTERNATIVA_IDALTERNATIVA) VALUES ('46', '5', '1', '6', '21');
INSERT INTO "RESPUESTA" (IDRESPUESTA, ALUMNO_IDALUMNO, ALUMNO_CURSO_IDCURSO, PREGUNTA_IDPREGUNTA, ALTERNATIVA_IDALTERNATIVA) VALUES ('47', '5', '1', '7', '25');
INSERT INTO "RESPUESTA" (IDRESPUESTA, ALUMNO_IDALUMNO, ALUMNO_CURSO_IDCURSO, PREGUNTA_IDPREGUNTA, ALTERNATIVA_IDALTERNATIVA) VALUES ('48', '5', '1', '8', '29');
INSERT INTO "RESPUESTA" (IDRESPUESTA, ALUMNO_IDALUMNO, ALUMNO_CURSO_IDCURSO, PREGUNTA_IDPREGUNTA, ALTERNATIVA_IDALTERNATIVA) VALUES ('49', '5', '1', '9', '33');
INSERT INTO "RESPUESTA" (IDRESPUESTA, ALUMNO_IDALUMNO, ALUMNO_CURSO_IDCURSO, PREGUNTA_IDPREGUNTA, ALTERNATIVA_IDALTERNATIVA) VALUES ('50', '5', '1', '10', '37');
INSERT INTO "RESPUESTA" (IDRESPUESTA, ALUMNO_IDALUMNO, ALUMNO_CURSO_IDCURSO, PREGUNTA_IDPREGUNTA, ALTERNATIVA_IDALTERNATIVA) VALUES ('51', '6', '1', '1', '1');
INSERT INTO "RESPUESTA" (IDRESPUESTA, ALUMNO_IDALUMNO, ALUMNO_CURSO_IDCURSO, PREGUNTA_IDPREGUNTA, ALTERNATIVA_IDALTERNATIVA) VALUES ('52', '6', '1', '2', '5');
INSERT INTO "RESPUESTA" (IDRESPUESTA, ALUMNO_IDALUMNO, ALUMNO_CURSO_IDCURSO, PREGUNTA_IDPREGUNTA, ALTERNATIVA_IDALTERNATIVA) VALUES ('53', '6', '1', '3', '9');
INSERT INTO "RESPUESTA" (IDRESPUESTA, ALUMNO_IDALUMNO, ALUMNO_CURSO_IDCURSO, PREGUNTA_IDPREGUNTA, ALTERNATIVA_IDALTERNATIVA) VALUES ('54', '6', '1', '4', '13');
INSERT INTO "RESPUESTA" (IDRESPUESTA, ALUMNO_IDALUMNO, ALUMNO_CURSO_IDCURSO, PREGUNTA_IDPREGUNTA, ALTERNATIVA_IDALTERNATIVA) VALUES ('55', '6', '1', '5', '17');
INSERT INTO "RESPUESTA" (IDRESPUESTA, ALUMNO_IDALUMNO, ALUMNO_CURSO_IDCURSO, PREGUNTA_IDPREGUNTA, ALTERNATIVA_IDALTERNATIVA) VALUES ('56', '6', '1', '6', '21');
INSERT INTO "RESPUESTA" (IDRESPUESTA, ALUMNO_IDALUMNO, ALUMNO_CURSO_IDCURSO, PREGUNTA_IDPREGUNTA, ALTERNATIVA_IDALTERNATIVA) VALUES ('57', '6', '1', '7', '25');
INSERT INTO "RESPUESTA" (IDRESPUESTA, ALUMNO_IDALUMNO, ALUMNO_CURSO_IDCURSO, PREGUNTA_IDPREGUNTA, ALTERNATIVA_IDALTERNATIVA) VALUES ('58', '6', '1', '8', '29');
INSERT INTO "RESPUESTA" (IDRESPUESTA, ALUMNO_IDALUMNO, ALUMNO_CURSO_IDCURSO, PREGUNTA_IDPREGUNTA, ALTERNATIVA_IDALTERNATIVA) VALUES ('59', '6', '1', '9', '33');
INSERT INTO "RESPUESTA" (IDRESPUESTA, ALUMNO_IDALUMNO, ALUMNO_CURSO_IDCURSO, PREGUNTA_IDPREGUNTA, ALTERNATIVA_IDALTERNATIVA) VALUES ('60', '6', '1', '10', '37');
INSERT INTO "RESPUESTA" (IDRESPUESTA, ALUMNO_IDALUMNO, ALUMNO_CURSO_IDCURSO, PREGUNTA_IDPREGUNTA, ALTERNATIVA_IDALTERNATIVA) VALUES ('61', '7', '1', '1', '1');
INSERT INTO "RESPUESTA" (IDRESPUESTA, ALUMNO_IDALUMNO, ALUMNO_CURSO_IDCURSO, PREGUNTA_IDPREGUNTA, ALTERNATIVA_IDALTERNATIVA) VALUES ('62', '7', '1', '2', '5');
INSERT INTO "RESPUESTA" (IDRESPUESTA, ALUMNO_IDALUMNO, ALUMNO_CURSO_IDCURSO, PREGUNTA_IDPREGUNTA, ALTERNATIVA_IDALTERNATIVA) VALUES ('63', '7', '1', '3', '9');
INSERT INTO "RESPUESTA" (IDRESPUESTA, ALUMNO_IDALUMNO, ALUMNO_CURSO_IDCURSO, PREGUNTA_IDPREGUNTA, ALTERNATIVA_IDALTERNATIVA) VALUES ('64', '7', '1', '4', '13');
INSERT INTO "RESPUESTA" (IDRESPUESTA, ALUMNO_IDALUMNO, ALUMNO_CURSO_IDCURSO, PREGUNTA_IDPREGUNTA, ALTERNATIVA_IDALTERNATIVA) VALUES ('65', '7', '1', '5', '17');
INSERT INTO "RESPUESTA" (IDRESPUESTA, ALUMNO_IDALUMNO, ALUMNO_CURSO_IDCURSO, PREGUNTA_IDPREGUNTA, ALTERNATIVA_IDALTERNATIVA) VALUES ('66', '7', '1', '6', '21');
INSERT INTO "RESPUESTA" (IDRESPUESTA, ALUMNO_IDALUMNO, ALUMNO_CURSO_IDCURSO, PREGUNTA_IDPREGUNTA, ALTERNATIVA_IDALTERNATIVA) VALUES ('67', '7', '1', '7', '25');
INSERT INTO "RESPUESTA" (IDRESPUESTA, ALUMNO_IDALUMNO, ALUMNO_CURSO_IDCURSO, PREGUNTA_IDPREGUNTA, ALTERNATIVA_IDALTERNATIVA) VALUES ('68', '7', '1', '8', '29');
INSERT INTO "RESPUESTA" (IDRESPUESTA, ALUMNO_IDALUMNO, ALUMNO_CURSO_IDCURSO, PREGUNTA_IDPREGUNTA, ALTERNATIVA_IDALTERNATIVA) VALUES ('69', '7', '1', '9', '33');
INSERT INTO "RESPUESTA" (IDRESPUESTA, ALUMNO_IDALUMNO, ALUMNO_CURSO_IDCURSO, PREGUNTA_IDPREGUNTA, ALTERNATIVA_IDALTERNATIVA) VALUES ('70', '7', '1', '10', '37');
INSERT INTO "RESPUESTA" (IDRESPUESTA, ALUMNO_IDALUMNO, ALUMNO_CURSO_IDCURSO, PREGUNTA_IDPREGUNTA, ALTERNATIVA_IDALTERNATIVA) VALUES ('71', '8', '1', '1', '1');
INSERT INTO "RESPUESTA" (IDRESPUESTA, ALUMNO_IDALUMNO, ALUMNO_CURSO_IDCURSO, PREGUNTA_IDPREGUNTA, ALTERNATIVA_IDALTERNATIVA) VALUES ('72', '8', '1', '2', '5');
INSERT INTO "RESPUESTA" (IDRESPUESTA, ALUMNO_IDALUMNO, ALUMNO_CURSO_IDCURSO, PREGUNTA_IDPREGUNTA, ALTERNATIVA_IDALTERNATIVA) VALUES ('73', '8', '1', '3', '9');
INSERT INTO "RESPUESTA" (IDRESPUESTA, ALUMNO_IDALUMNO, ALUMNO_CURSO_IDCURSO, PREGUNTA_IDPREGUNTA, ALTERNATIVA_IDALTERNATIVA) VALUES ('74', '8', '1', '4', '13');
INSERT INTO "RESPUESTA" (IDRESPUESTA, ALUMNO_IDALUMNO, ALUMNO_CURSO_IDCURSO, PREGUNTA_IDPREGUNTA, ALTERNATIVA_IDALTERNATIVA) VALUES ('75', '8', '1', '5', '17');
INSERT INTO "RESPUESTA" (IDRESPUESTA, ALUMNO_IDALUMNO, ALUMNO_CURSO_IDCURSO, PREGUNTA_IDPREGUNTA, ALTERNATIVA_IDALTERNATIVA) VALUES ('76', '8', '1', '6', '21');
INSERT INTO "RESPUESTA" (IDRESPUESTA, ALUMNO_IDALUMNO, ALUMNO_CURSO_IDCURSO, PREGUNTA_IDPREGUNTA, ALTERNATIVA_IDALTERNATIVA) VALUES ('77', '8', '1', '7', '25');
INSERT INTO "RESPUESTA" (IDRESPUESTA, ALUMNO_IDALUMNO, ALUMNO_CURSO_IDCURSO, PREGUNTA_IDPREGUNTA, ALTERNATIVA_IDALTERNATIVA) VALUES ('78', '8', '1', '8', '29');
INSERT INTO "RESPUESTA" (IDRESPUESTA, ALUMNO_IDALUMNO, ALUMNO_CURSO_IDCURSO, PREGUNTA_IDPREGUNTA, ALTERNATIVA_IDALTERNATIVA) VALUES ('79', '8', '1', '9', '33');
INSERT INTO "RESPUESTA" (IDRESPUESTA, ALUMNO_IDALUMNO, ALUMNO_CURSO_IDCURSO, PREGUNTA_IDPREGUNTA, ALTERNATIVA_IDALTERNATIVA) VALUES ('80', '8', '1', '10', '37');
INSERT INTO "RESPUESTA" (IDRESPUESTA, ALUMNO_IDALUMNO, ALUMNO_CURSO_IDCURSO, PREGUNTA_IDPREGUNTA, ALTERNATIVA_IDALTERNATIVA) VALUES ('81', '9', '1', '1', '1');
INSERT INTO "RESPUESTA" (IDRESPUESTA, ALUMNO_IDALUMNO, ALUMNO_CURSO_IDCURSO, PREGUNTA_IDPREGUNTA, ALTERNATIVA_IDALTERNATIVA) VALUES ('82', '9', '1', '2', '5');
INSERT INTO "RESPUESTA" (IDRESPUESTA, ALUMNO_IDALUMNO, ALUMNO_CURSO_IDCURSO, PREGUNTA_IDPREGUNTA, ALTERNATIVA_IDALTERNATIVA) VALUES ('83', '9', '1', '3', '9');
INSERT INTO "RESPUESTA" (IDRESPUESTA, ALUMNO_IDALUMNO, ALUMNO_CURSO_IDCURSO, PREGUNTA_IDPREGUNTA, ALTERNATIVA_IDALTERNATIVA) VALUES ('84', '9', '1', '4', '13');
INSERT INTO "RESPUESTA" (IDRESPUESTA, ALUMNO_IDALUMNO, ALUMNO_CURSO_IDCURSO, PREGUNTA_IDPREGUNTA, ALTERNATIVA_IDALTERNATIVA) VALUES ('85', '9', '1', '5', '17');
INSERT INTO "RESPUESTA" (IDRESPUESTA, ALUMNO_IDALUMNO, ALUMNO_CURSO_IDCURSO, PREGUNTA_IDPREGUNTA, ALTERNATIVA_IDALTERNATIVA) VALUES ('86', '9', '1', '6', '21');
INSERT INTO "RESPUESTA" (IDRESPUESTA, ALUMNO_IDALUMNO, ALUMNO_CURSO_IDCURSO, PREGUNTA_IDPREGUNTA, ALTERNATIVA_IDALTERNATIVA) VALUES ('87', '9', '1', '7', '25');
INSERT INTO "RESPUESTA" (IDRESPUESTA, ALUMNO_IDALUMNO, ALUMNO_CURSO_IDCURSO, PREGUNTA_IDPREGUNTA, ALTERNATIVA_IDALTERNATIVA) VALUES ('88', '9', '1', '8', '29');
INSERT INTO "RESPUESTA" (IDRESPUESTA, ALUMNO_IDALUMNO, ALUMNO_CURSO_IDCURSO, PREGUNTA_IDPREGUNTA, ALTERNATIVA_IDALTERNATIVA) VALUES ('89', '9', '1', '9', '33');
INSERT INTO "RESPUESTA" (IDRESPUESTA, ALUMNO_IDALUMNO, ALUMNO_CURSO_IDCURSO, PREGUNTA_IDPREGUNTA, ALTERNATIVA_IDALTERNATIVA) VALUES ('90', '9', '1', '10', '37');
INSERT INTO "RESPUESTA" (IDRESPUESTA, ALUMNO_IDALUMNO, ALUMNO_CURSO_IDCURSO, PREGUNTA_IDPREGUNTA, ALTERNATIVA_IDALTERNATIVA) VALUES ('91', '10', '1', '1', '1');
INSERT INTO "RESPUESTA" (IDRESPUESTA, ALUMNO_IDALUMNO, ALUMNO_CURSO_IDCURSO, PREGUNTA_IDPREGUNTA, ALTERNATIVA_IDALTERNATIVA) VALUES ('92', '10', '1', '2', '5');
INSERT INTO "RESPUESTA" (IDRESPUESTA, ALUMNO_IDALUMNO, ALUMNO_CURSO_IDCURSO, PREGUNTA_IDPREGUNTA, ALTERNATIVA_IDALTERNATIVA) VALUES ('93', '10', '1', '3', '9');
INSERT INTO "RESPUESTA" (IDRESPUESTA, ALUMNO_IDALUMNO, ALUMNO_CURSO_IDCURSO, PREGUNTA_IDPREGUNTA, ALTERNATIVA_IDALTERNATIVA) VALUES ('94', '10', '1', '4', '13');
INSERT INTO "RESPUESTA" (IDRESPUESTA, ALUMNO_IDALUMNO, ALUMNO_CURSO_IDCURSO, PREGUNTA_IDPREGUNTA, ALTERNATIVA_IDALTERNATIVA) VALUES ('95', '10', '1', '5', '17');
INSERT INTO "RESPUESTA" (IDRESPUESTA, ALUMNO_IDALUMNO, ALUMNO_CURSO_IDCURSO, PREGUNTA_IDPREGUNTA, ALTERNATIVA_IDALTERNATIVA) VALUES ('96', '10', '1', '6', '21');
INSERT INTO "RESPUESTA" (IDRESPUESTA, ALUMNO_IDALUMNO, ALUMNO_CURSO_IDCURSO, PREGUNTA_IDPREGUNTA, ALTERNATIVA_IDALTERNATIVA) VALUES ('97', '10', '1', '7', '25');
INSERT INTO "RESPUESTA" (IDRESPUESTA, ALUMNO_IDALUMNO, ALUMNO_CURSO_IDCURSO, PREGUNTA_IDPREGUNTA, ALTERNATIVA_IDALTERNATIVA) VALUES ('98', '10', '1', '8', '29');
INSERT INTO "RESPUESTA" (IDRESPUESTA, ALUMNO_IDALUMNO, ALUMNO_CURSO_IDCURSO, PREGUNTA_IDPREGUNTA, ALTERNATIVA_IDALTERNATIVA) VALUES ('99', '10', '1', '9', '33');
INSERT INTO "RESPUESTA" (IDRESPUESTA, ALUMNO_IDALUMNO, ALUMNO_CURSO_IDCURSO, PREGUNTA_IDPREGUNTA, ALTERNATIVA_IDALTERNATIVA) VALUES ('100', '10', '1', '10', '37');
INSERT INTO "RESPUESTA" (IDRESPUESTA, ALUMNO_IDALUMNO, ALUMNO_CURSO_IDCURSO, PREGUNTA_IDPREGUNTA, ALTERNATIVA_IDALTERNATIVA) VALUES ('101', '11', '2', '1', '1');
INSERT INTO "RESPUESTA" (IDRESPUESTA, ALUMNO_IDALUMNO, ALUMNO_CURSO_IDCURSO, PREGUNTA_IDPREGUNTA, ALTERNATIVA_IDALTERNATIVA) VALUES ('102', '11', '2', '2', '5');
INSERT INTO "RESPUESTA" (IDRESPUESTA, ALUMNO_IDALUMNO, ALUMNO_CURSO_IDCURSO, PREGUNTA_IDPREGUNTA, ALTERNATIVA_IDALTERNATIVA) VALUES ('103', '11', '2', '3', '9');
INSERT INTO "RESPUESTA" (IDRESPUESTA, ALUMNO_IDALUMNO, ALUMNO_CURSO_IDCURSO, PREGUNTA_IDPREGUNTA, ALTERNATIVA_IDALTERNATIVA) VALUES ('104', '11', '2', '4', '13');
INSERT INTO "RESPUESTA" (IDRESPUESTA, ALUMNO_IDALUMNO, ALUMNO_CURSO_IDCURSO, PREGUNTA_IDPREGUNTA, ALTERNATIVA_IDALTERNATIVA) VALUES ('105', '11', '2', '5', '17');
INSERT INTO "RESPUESTA" (IDRESPUESTA, ALUMNO_IDALUMNO, ALUMNO_CURSO_IDCURSO, PREGUNTA_IDPREGUNTA, ALTERNATIVA_IDALTERNATIVA) VALUES ('106', '11', '2', '6', '21');
INSERT INTO "RESPUESTA" (IDRESPUESTA, ALUMNO_IDALUMNO, ALUMNO_CURSO_IDCURSO, PREGUNTA_IDPREGUNTA, ALTERNATIVA_IDALTERNATIVA) VALUES ('107', '11', '2', '7', '25');
INSERT INTO "RESPUESTA" (IDRESPUESTA, ALUMNO_IDALUMNO, ALUMNO_CURSO_IDCURSO, PREGUNTA_IDPREGUNTA, ALTERNATIVA_IDALTERNATIVA) VALUES ('108', '11', '2', '8', '29');
INSERT INTO "RESPUESTA" (IDRESPUESTA, ALUMNO_IDALUMNO, ALUMNO_CURSO_IDCURSO, PREGUNTA_IDPREGUNTA, ALTERNATIVA_IDALTERNATIVA) VALUES ('109', '11', '2', '9', '33');
INSERT INTO "RESPUESTA" (IDRESPUESTA, ALUMNO_IDALUMNO, ALUMNO_CURSO_IDCURSO, PREGUNTA_IDPREGUNTA, ALTERNATIVA_IDALTERNATIVA) VALUES ('110', '11', '2', '10', '37');
INSERT INTO "RESPUESTA" (IDRESPUESTA, ALUMNO_IDALUMNO, ALUMNO_CURSO_IDCURSO, PREGUNTA_IDPREGUNTA, ALTERNATIVA_IDALTERNATIVA) VALUES ('111', '12', '2', '1', '1');
INSERT INTO "RESPUESTA" (IDRESPUESTA, ALUMNO_IDALUMNO, ALUMNO_CURSO_IDCURSO, PREGUNTA_IDPREGUNTA, ALTERNATIVA_IDALTERNATIVA) VALUES ('112', '12', '2', '2', '5');
INSERT INTO "RESPUESTA" (IDRESPUESTA, ALUMNO_IDALUMNO, ALUMNO_CURSO_IDCURSO, PREGUNTA_IDPREGUNTA, ALTERNATIVA_IDALTERNATIVA) VALUES ('113', '12', '2', '3', '9');
INSERT INTO "RESPUESTA" (IDRESPUESTA, ALUMNO_IDALUMNO, ALUMNO_CURSO_IDCURSO, PREGUNTA_IDPREGUNTA, ALTERNATIVA_IDALTERNATIVA) VALUES ('114', '12', '2', '4', '13');
INSERT INTO "RESPUESTA" (IDRESPUESTA, ALUMNO_IDALUMNO, ALUMNO_CURSO_IDCURSO, PREGUNTA_IDPREGUNTA, ALTERNATIVA_IDALTERNATIVA) VALUES ('115', '12', '2', '5', '17');
INSERT INTO "RESPUESTA" (IDRESPUESTA, ALUMNO_IDALUMNO, ALUMNO_CURSO_IDCURSO, PREGUNTA_IDPREGUNTA, ALTERNATIVA_IDALTERNATIVA) VALUES ('116', '12', '2', '6', '21');
INSERT INTO "RESPUESTA" (IDRESPUESTA, ALUMNO_IDALUMNO, ALUMNO_CURSO_IDCURSO, PREGUNTA_IDPREGUNTA, ALTERNATIVA_IDALTERNATIVA) VALUES ('117', '12', '2', '7', '25');
INSERT INTO "RESPUESTA" (IDRESPUESTA, ALUMNO_IDALUMNO, ALUMNO_CURSO_IDCURSO, PREGUNTA_IDPREGUNTA, ALTERNATIVA_IDALTERNATIVA) VALUES ('118', '12', '2', '8', '29');
INSERT INTO "RESPUESTA" (IDRESPUESTA, ALUMNO_IDALUMNO, ALUMNO_CURSO_IDCURSO, PREGUNTA_IDPREGUNTA, ALTERNATIVA_IDALTERNATIVA) VALUES ('119', '12', '2', '9', '33');
INSERT INTO "RESPUESTA" (IDRESPUESTA, ALUMNO_IDALUMNO, ALUMNO_CURSO_IDCURSO, PREGUNTA_IDPREGUNTA, ALTERNATIVA_IDALTERNATIVA) VALUES ('120', '12', '2', '10', '37');
INSERT INTO "RESPUESTA" (IDRESPUESTA, ALUMNO_IDALUMNO, ALUMNO_CURSO_IDCURSO, PREGUNTA_IDPREGUNTA, ALTERNATIVA_IDALTERNATIVA) VALUES ('121', '13', '2', '1', '1');
INSERT INTO "RESPUESTA" (IDRESPUESTA, ALUMNO_IDALUMNO, ALUMNO_CURSO_IDCURSO, PREGUNTA_IDPREGUNTA, ALTERNATIVA_IDALTERNATIVA) VALUES ('122', '13', '2', '2', '5');
INSERT INTO "RESPUESTA" (IDRESPUESTA, ALUMNO_IDALUMNO, ALUMNO_CURSO_IDCURSO, PREGUNTA_IDPREGUNTA, ALTERNATIVA_IDALTERNATIVA) VALUES ('123', '13', '2', '3', '9');
INSERT INTO "RESPUESTA" (IDRESPUESTA, ALUMNO_IDALUMNO, ALUMNO_CURSO_IDCURSO, PREGUNTA_IDPREGUNTA, ALTERNATIVA_IDALTERNATIVA) VALUES ('124', '13', '2', '4', '13');
INSERT INTO "RESPUESTA" (IDRESPUESTA, ALUMNO_IDALUMNO, ALUMNO_CURSO_IDCURSO, PREGUNTA_IDPREGUNTA, ALTERNATIVA_IDALTERNATIVA) VALUES ('125', '13', '2', '5', '17');
INSERT INTO "RESPUESTA" (IDRESPUESTA, ALUMNO_IDALUMNO, ALUMNO_CURSO_IDCURSO, PREGUNTA_IDPREGUNTA, ALTERNATIVA_IDALTERNATIVA) VALUES ('126', '13', '2', '6', '21');
INSERT INTO "RESPUESTA" (IDRESPUESTA, ALUMNO_IDALUMNO, ALUMNO_CURSO_IDCURSO, PREGUNTA_IDPREGUNTA, ALTERNATIVA_IDALTERNATIVA) VALUES ('127', '13', '2', '7', '25');
INSERT INTO "RESPUESTA" (IDRESPUESTA, ALUMNO_IDALUMNO, ALUMNO_CURSO_IDCURSO, PREGUNTA_IDPREGUNTA, ALTERNATIVA_IDALTERNATIVA) VALUES ('128', '13', '2', '8', '29');
INSERT INTO "RESPUESTA" (IDRESPUESTA, ALUMNO_IDALUMNO, ALUMNO_CURSO_IDCURSO, PREGUNTA_IDPREGUNTA, ALTERNATIVA_IDALTERNATIVA) VALUES ('129', '13', '2', '9', '33');
INSERT INTO "RESPUESTA" (IDRESPUESTA, ALUMNO_IDALUMNO, ALUMNO_CURSO_IDCURSO, PREGUNTA_IDPREGUNTA, ALTERNATIVA_IDALTERNATIVA) VALUES ('130', '13', '2', '10', '37');
INSERT INTO "RESPUESTA" (IDRESPUESTA, ALUMNO_IDALUMNO, ALUMNO_CURSO_IDCURSO, PREGUNTA_IDPREGUNTA, ALTERNATIVA_IDALTERNATIVA) VALUES ('131', '14', '2', '1', '1');
INSERT INTO "RESPUESTA" (IDRESPUESTA, ALUMNO_IDALUMNO, ALUMNO_CURSO_IDCURSO, PREGUNTA_IDPREGUNTA, ALTERNATIVA_IDALTERNATIVA) VALUES ('132', '14', '2', '2', '5');
INSERT INTO "RESPUESTA" (IDRESPUESTA, ALUMNO_IDALUMNO, ALUMNO_CURSO_IDCURSO, PREGUNTA_IDPREGUNTA, ALTERNATIVA_IDALTERNATIVA) VALUES ('133', '14', '2', '3', '9');
INSERT INTO "RESPUESTA" (IDRESPUESTA, ALUMNO_IDALUMNO, ALUMNO_CURSO_IDCURSO, PREGUNTA_IDPREGUNTA, ALTERNATIVA_IDALTERNATIVA) VALUES ('134', '14', '2', '4', '13');
INSERT INTO "RESPUESTA" (IDRESPUESTA, ALUMNO_IDALUMNO, ALUMNO_CURSO_IDCURSO, PREGUNTA_IDPREGUNTA, ALTERNATIVA_IDALTERNATIVA) VALUES ('135', '14', '2', '5', '17');
INSERT INTO "RESPUESTA" (IDRESPUESTA, ALUMNO_IDALUMNO, ALUMNO_CURSO_IDCURSO, PREGUNTA_IDPREGUNTA, ALTERNATIVA_IDALTERNATIVA) VALUES ('136', '14', '2', '6', '21');
INSERT INTO "RESPUESTA" (IDRESPUESTA, ALUMNO_IDALUMNO, ALUMNO_CURSO_IDCURSO, PREGUNTA_IDPREGUNTA, ALTERNATIVA_IDALTERNATIVA) VALUES ('137', '14', '2', '7', '25');
INSERT INTO "RESPUESTA" (IDRESPUESTA, ALUMNO_IDALUMNO, ALUMNO_CURSO_IDCURSO, PREGUNTA_IDPREGUNTA, ALTERNATIVA_IDALTERNATIVA) VALUES ('138', '14', '2', '8', '29');
INSERT INTO "RESPUESTA" (IDRESPUESTA, ALUMNO_IDALUMNO, ALUMNO_CURSO_IDCURSO, PREGUNTA_IDPREGUNTA, ALTERNATIVA_IDALTERNATIVA) VALUES ('139', '14', '2', '9', '33');
INSERT INTO "RESPUESTA" (IDRESPUESTA, ALUMNO_IDALUMNO, ALUMNO_CURSO_IDCURSO, PREGUNTA_IDPREGUNTA, ALTERNATIVA_IDALTERNATIVA) VALUES ('140', '14', '2', '10', '37');
INSERT INTO "RESPUESTA" (IDRESPUESTA, ALUMNO_IDALUMNO, ALUMNO_CURSO_IDCURSO, PREGUNTA_IDPREGUNTA, ALTERNATIVA_IDALTERNATIVA) VALUES ('141', '15', '2', '1', '1');
INSERT INTO "RESPUESTA" (IDRESPUESTA, ALUMNO_IDALUMNO, ALUMNO_CURSO_IDCURSO, PREGUNTA_IDPREGUNTA, ALTERNATIVA_IDALTERNATIVA) VALUES ('142', '15', '2', '2', '5');
INSERT INTO "RESPUESTA" (IDRESPUESTA, ALUMNO_IDALUMNO, ALUMNO_CURSO_IDCURSO, PREGUNTA_IDPREGUNTA, ALTERNATIVA_IDALTERNATIVA) VALUES ('143', '15', '2', '3', '9');
INSERT INTO "RESPUESTA" (IDRESPUESTA, ALUMNO_IDALUMNO, ALUMNO_CURSO_IDCURSO, PREGUNTA_IDPREGUNTA, ALTERNATIVA_IDALTERNATIVA) VALUES ('144', '15', '2', '4', '13');
INSERT INTO "RESPUESTA" (IDRESPUESTA, ALUMNO_IDALUMNO, ALUMNO_CURSO_IDCURSO, PREGUNTA_IDPREGUNTA, ALTERNATIVA_IDALTERNATIVA) VALUES ('145', '15', '2', '5', '17');
INSERT INTO "RESPUESTA" (IDRESPUESTA, ALUMNO_IDALUMNO, ALUMNO_CURSO_IDCURSO, PREGUNTA_IDPREGUNTA, ALTERNATIVA_IDALTERNATIVA) VALUES ('146', '15', '2', '6', '21');
INSERT INTO "RESPUESTA" (IDRESPUESTA, ALUMNO_IDALUMNO, ALUMNO_CURSO_IDCURSO, PREGUNTA_IDPREGUNTA, ALTERNATIVA_IDALTERNATIVA) VALUES ('147', '15', '2', '7', '25');
INSERT INTO "RESPUESTA" (IDRESPUESTA, ALUMNO_IDALUMNO, ALUMNO_CURSO_IDCURSO, PREGUNTA_IDPREGUNTA, ALTERNATIVA_IDALTERNATIVA) VALUES ('148', '15', '2', '8', '29');
INSERT INTO "RESPUESTA" (IDRESPUESTA, ALUMNO_IDALUMNO, ALUMNO_CURSO_IDCURSO, PREGUNTA_IDPREGUNTA, ALTERNATIVA_IDALTERNATIVA) VALUES ('149', '15', '2', '9', '33');
INSERT INTO "RESPUESTA" (IDRESPUESTA, ALUMNO_IDALUMNO, ALUMNO_CURSO_IDCURSO, PREGUNTA_IDPREGUNTA, ALTERNATIVA_IDALTERNATIVA) VALUES ('150', '15', '2', '10', '37');
INSERT INTO "RESPUESTA" (IDRESPUESTA, ALUMNO_IDALUMNO, ALUMNO_CURSO_IDCURSO, PREGUNTA_IDPREGUNTA, ALTERNATIVA_IDALTERNATIVA) VALUES ('151', '16', '2', '1', '1');
INSERT INTO "RESPUESTA" (IDRESPUESTA, ALUMNO_IDALUMNO, ALUMNO_CURSO_IDCURSO, PREGUNTA_IDPREGUNTA, ALTERNATIVA_IDALTERNATIVA) VALUES ('152', '16', '2', '2', '5');
INSERT INTO "RESPUESTA" (IDRESPUESTA, ALUMNO_IDALUMNO, ALUMNO_CURSO_IDCURSO, PREGUNTA_IDPREGUNTA, ALTERNATIVA_IDALTERNATIVA) VALUES ('153', '16', '2', '3', '9');
INSERT INTO "RESPUESTA" (IDRESPUESTA, ALUMNO_IDALUMNO, ALUMNO_CURSO_IDCURSO, PREGUNTA_IDPREGUNTA, ALTERNATIVA_IDALTERNATIVA) VALUES ('154', '16', '2', '4', '13');
INSERT INTO "RESPUESTA" (IDRESPUESTA, ALUMNO_IDALUMNO, ALUMNO_CURSO_IDCURSO, PREGUNTA_IDPREGUNTA, ALTERNATIVA_IDALTERNATIVA) VALUES ('155', '16', '2', '5', '17');
INSERT INTO "RESPUESTA" (IDRESPUESTA, ALUMNO_IDALUMNO, ALUMNO_CURSO_IDCURSO, PREGUNTA_IDPREGUNTA, ALTERNATIVA_IDALTERNATIVA) VALUES ('156', '16', '2', '6', '21');
INSERT INTO "RESPUESTA" (IDRESPUESTA, ALUMNO_IDALUMNO, ALUMNO_CURSO_IDCURSO, PREGUNTA_IDPREGUNTA, ALTERNATIVA_IDALTERNATIVA) VALUES ('157', '16', '2', '7', '25');
INSERT INTO "RESPUESTA" (IDRESPUESTA, ALUMNO_IDALUMNO, ALUMNO_CURSO_IDCURSO, PREGUNTA_IDPREGUNTA, ALTERNATIVA_IDALTERNATIVA) VALUES ('158', '16', '2', '8', '29');
INSERT INTO "RESPUESTA" (IDRESPUESTA, ALUMNO_IDALUMNO, ALUMNO_CURSO_IDCURSO, PREGUNTA_IDPREGUNTA, ALTERNATIVA_IDALTERNATIVA) VALUES ('159', '16', '2', '9', '33');
INSERT INTO "RESPUESTA" (IDRESPUESTA, ALUMNO_IDALUMNO, ALUMNO_CURSO_IDCURSO, PREGUNTA_IDPREGUNTA, ALTERNATIVA_IDALTERNATIVA) VALUES ('160', '16', '2', '10', '37');
INSERT INTO "RESPUESTA" (IDRESPUESTA, ALUMNO_IDALUMNO, ALUMNO_CURSO_IDCURSO, PREGUNTA_IDPREGUNTA, ALTERNATIVA_IDALTERNATIVA) VALUES ('161', '17', '2', '1', '1');
INSERT INTO "RESPUESTA" (IDRESPUESTA, ALUMNO_IDALUMNO, ALUMNO_CURSO_IDCURSO, PREGUNTA_IDPREGUNTA, ALTERNATIVA_IDALTERNATIVA) VALUES ('162', '17', '2', '2', '5');
INSERT INTO "RESPUESTA" (IDRESPUESTA, ALUMNO_IDALUMNO, ALUMNO_CURSO_IDCURSO, PREGUNTA_IDPREGUNTA, ALTERNATIVA_IDALTERNATIVA) VALUES ('163', '17', '2', '3', '9');
INSERT INTO "RESPUESTA" (IDRESPUESTA, ALUMNO_IDALUMNO, ALUMNO_CURSO_IDCURSO, PREGUNTA_IDPREGUNTA, ALTERNATIVA_IDALTERNATIVA) VALUES ('164', '17', '2', '4', '13');
INSERT INTO "RESPUESTA" (IDRESPUESTA, ALUMNO_IDALUMNO, ALUMNO_CURSO_IDCURSO, PREGUNTA_IDPREGUNTA, ALTERNATIVA_IDALTERNATIVA) VALUES ('165', '17', '2', '5', '17');
INSERT INTO "RESPUESTA" (IDRESPUESTA, ALUMNO_IDALUMNO, ALUMNO_CURSO_IDCURSO, PREGUNTA_IDPREGUNTA, ALTERNATIVA_IDALTERNATIVA) VALUES ('166', '17', '2', '6', '21');
INSERT INTO "RESPUESTA" (IDRESPUESTA, ALUMNO_IDALUMNO, ALUMNO_CURSO_IDCURSO, PREGUNTA_IDPREGUNTA, ALTERNATIVA_IDALTERNATIVA) VALUES ('167', '17', '2', '7', '25');
INSERT INTO "RESPUESTA" (IDRESPUESTA, ALUMNO_IDALUMNO, ALUMNO_CURSO_IDCURSO, PREGUNTA_IDPREGUNTA, ALTERNATIVA_IDALTERNATIVA) VALUES ('168', '17', '2', '8', '29');
INSERT INTO "RESPUESTA" (IDRESPUESTA, ALUMNO_IDALUMNO, ALUMNO_CURSO_IDCURSO, PREGUNTA_IDPREGUNTA, ALTERNATIVA_IDALTERNATIVA) VALUES ('169', '17', '2', '9', '33');
INSERT INTO "RESPUESTA" (IDRESPUESTA, ALUMNO_IDALUMNO, ALUMNO_CURSO_IDCURSO, PREGUNTA_IDPREGUNTA, ALTERNATIVA_IDALTERNATIVA) VALUES ('170', '17', '2', '10', '37');
INSERT INTO "RESPUESTA" (IDRESPUESTA, ALUMNO_IDALUMNO, ALUMNO_CURSO_IDCURSO, PREGUNTA_IDPREGUNTA, ALTERNATIVA_IDALTERNATIVA) VALUES ('171', '18', '2', '1', '1');
INSERT INTO "RESPUESTA" (IDRESPUESTA, ALUMNO_IDALUMNO, ALUMNO_CURSO_IDCURSO, PREGUNTA_IDPREGUNTA, ALTERNATIVA_IDALTERNATIVA) VALUES ('172', '18', '2', '2', '5');
INSERT INTO "RESPUESTA" (IDRESPUESTA, ALUMNO_IDALUMNO, ALUMNO_CURSO_IDCURSO, PREGUNTA_IDPREGUNTA, ALTERNATIVA_IDALTERNATIVA) VALUES ('173', '18', '2', '3', '9');
INSERT INTO "RESPUESTA" (IDRESPUESTA, ALUMNO_IDALUMNO, ALUMNO_CURSO_IDCURSO, PREGUNTA_IDPREGUNTA, ALTERNATIVA_IDALTERNATIVA) VALUES ('174', '18', '2', '4', '13');
INSERT INTO "RESPUESTA" (IDRESPUESTA, ALUMNO_IDALUMNO, ALUMNO_CURSO_IDCURSO, PREGUNTA_IDPREGUNTA, ALTERNATIVA_IDALTERNATIVA) VALUES ('175', '18', '2', '5', '17');
INSERT INTO "RESPUESTA" (IDRESPUESTA, ALUMNO_IDALUMNO, ALUMNO_CURSO_IDCURSO, PREGUNTA_IDPREGUNTA, ALTERNATIVA_IDALTERNATIVA) VALUES ('176', '18', '2', '6', '21');
INSERT INTO "RESPUESTA" (IDRESPUESTA, ALUMNO_IDALUMNO, ALUMNO_CURSO_IDCURSO, PREGUNTA_IDPREGUNTA, ALTERNATIVA_IDALTERNATIVA) VALUES ('177', '18', '2', '7', '25');
INSERT INTO "RESPUESTA" (IDRESPUESTA, ALUMNO_IDALUMNO, ALUMNO_CURSO_IDCURSO, PREGUNTA_IDPREGUNTA, ALTERNATIVA_IDALTERNATIVA) VALUES ('178', '18', '2', '8', '29');
INSERT INTO "RESPUESTA" (IDRESPUESTA, ALUMNO_IDALUMNO, ALUMNO_CURSO_IDCURSO, PREGUNTA_IDPREGUNTA, ALTERNATIVA_IDALTERNATIVA) VALUES ('179', '18', '2', '9', '33');
INSERT INTO "RESPUESTA" (IDRESPUESTA, ALUMNO_IDALUMNO, ALUMNO_CURSO_IDCURSO, PREGUNTA_IDPREGUNTA, ALTERNATIVA_IDALTERNATIVA) VALUES ('180', '18', '2', '10', '37');
INSERT INTO "RESPUESTA" (IDRESPUESTA, ALUMNO_IDALUMNO, ALUMNO_CURSO_IDCURSO, PREGUNTA_IDPREGUNTA, ALTERNATIVA_IDALTERNATIVA) VALUES ('181', '19', '2', '1', '1');
INSERT INTO "RESPUESTA" (IDRESPUESTA, ALUMNO_IDALUMNO, ALUMNO_CURSO_IDCURSO, PREGUNTA_IDPREGUNTA, ALTERNATIVA_IDALTERNATIVA) VALUES ('182', '19', '2', '2', '5');
INSERT INTO "RESPUESTA" (IDRESPUESTA, ALUMNO_IDALUMNO, ALUMNO_CURSO_IDCURSO, PREGUNTA_IDPREGUNTA, ALTERNATIVA_IDALTERNATIVA) VALUES ('183', '19', '2', '3', '9');
INSERT INTO "RESPUESTA" (IDRESPUESTA, ALUMNO_IDALUMNO, ALUMNO_CURSO_IDCURSO, PREGUNTA_IDPREGUNTA, ALTERNATIVA_IDALTERNATIVA) VALUES ('184', '19', '2', '4', '13');
INSERT INTO "RESPUESTA" (IDRESPUESTA, ALUMNO_IDALUMNO, ALUMNO_CURSO_IDCURSO, PREGUNTA_IDPREGUNTA, ALTERNATIVA_IDALTERNATIVA) VALUES ('185', '19', '2', '5', '17');
INSERT INTO "RESPUESTA" (IDRESPUESTA, ALUMNO_IDALUMNO, ALUMNO_CURSO_IDCURSO, PREGUNTA_IDPREGUNTA, ALTERNATIVA_IDALTERNATIVA) VALUES ('186', '19', '2', '6', '21');
INSERT INTO "RESPUESTA" (IDRESPUESTA, ALUMNO_IDALUMNO, ALUMNO_CURSO_IDCURSO, PREGUNTA_IDPREGUNTA, ALTERNATIVA_IDALTERNATIVA) VALUES ('187', '19', '2', '7', '25');
INSERT INTO "RESPUESTA" (IDRESPUESTA, ALUMNO_IDALUMNO, ALUMNO_CURSO_IDCURSO, PREGUNTA_IDPREGUNTA, ALTERNATIVA_IDALTERNATIVA) VALUES ('188', '19', '2', '8', '29');
INSERT INTO "RESPUESTA" (IDRESPUESTA, ALUMNO_IDALUMNO, ALUMNO_CURSO_IDCURSO, PREGUNTA_IDPREGUNTA, ALTERNATIVA_IDALTERNATIVA) VALUES ('189', '19', '2', '9', '33');
INSERT INTO "RESPUESTA" (IDRESPUESTA, ALUMNO_IDALUMNO, ALUMNO_CURSO_IDCURSO, PREGUNTA_IDPREGUNTA, ALTERNATIVA_IDALTERNATIVA) VALUES ('190', '19', '2', '10', '37');
INSERT INTO "RESPUESTA" (IDRESPUESTA, ALUMNO_IDALUMNO, ALUMNO_CURSO_IDCURSO, PREGUNTA_IDPREGUNTA, ALTERNATIVA_IDALTERNATIVA) VALUES ('191', '20', '2', '1', '1');
INSERT INTO "RESPUESTA" (IDRESPUESTA, ALUMNO_IDALUMNO, ALUMNO_CURSO_IDCURSO, PREGUNTA_IDPREGUNTA, ALTERNATIVA_IDALTERNATIVA) VALUES ('192', '20', '2', '2', '5');
INSERT INTO "RESPUESTA" (IDRESPUESTA, ALUMNO_IDALUMNO, ALUMNO_CURSO_IDCURSO, PREGUNTA_IDPREGUNTA, ALTERNATIVA_IDALTERNATIVA) VALUES ('193', '20', '2', '3', '9');
INSERT INTO "RESPUESTA" (IDRESPUESTA, ALUMNO_IDALUMNO, ALUMNO_CURSO_IDCURSO, PREGUNTA_IDPREGUNTA, ALTERNATIVA_IDALTERNATIVA) VALUES ('194', '20', '2', '4', '13');
INSERT INTO "RESPUESTA" (IDRESPUESTA, ALUMNO_IDALUMNO, ALUMNO_CURSO_IDCURSO, PREGUNTA_IDPREGUNTA, ALTERNATIVA_IDALTERNATIVA) VALUES ('195', '20', '2', '5', '17');
INSERT INTO "RESPUESTA" (IDRESPUESTA, ALUMNO_IDALUMNO, ALUMNO_CURSO_IDCURSO, PREGUNTA_IDPREGUNTA, ALTERNATIVA_IDALTERNATIVA) VALUES ('196', '20', '2', '6', '21');
INSERT INTO "RESPUESTA" (IDRESPUESTA, ALUMNO_IDALUMNO, ALUMNO_CURSO_IDCURSO, PREGUNTA_IDPREGUNTA, ALTERNATIVA_IDALTERNATIVA) VALUES ('197', '20', '2', '7', '25');
INSERT INTO "RESPUESTA" (IDRESPUESTA, ALUMNO_IDALUMNO, ALUMNO_CURSO_IDCURSO, PREGUNTA_IDPREGUNTA, ALTERNATIVA_IDALTERNATIVA) VALUES ('198', '20', '2', '8', '29');
INSERT INTO "RESPUESTA" (IDRESPUESTA, ALUMNO_IDALUMNO, ALUMNO_CURSO_IDCURSO, PREGUNTA_IDPREGUNTA, ALTERNATIVA_IDALTERNATIVA) VALUES ('199', '20', '2', '9', '33');
INSERT INTO "RESPUESTA" (IDRESPUESTA, ALUMNO_IDALUMNO, ALUMNO_CURSO_IDCURSO, PREGUNTA_IDPREGUNTA, ALTERNATIVA_IDALTERNATIVA) VALUES ('200', '20', '2', '10', '37');
INSERT INTO "RESPUESTA" (IDRESPUESTA, ALUMNO_IDALUMNO, ALUMNO_CURSO_IDCURSO, PREGUNTA_IDPREGUNTA, ALTERNATIVA_IDALTERNATIVA) VALUES ('201', '1', '1', '11', '41');
INSERT INTO "RESPUESTA" (IDRESPUESTA, ALUMNO_IDALUMNO, ALUMNO_CURSO_IDCURSO, PREGUNTA_IDPREGUNTA, ALTERNATIVA_IDALTERNATIVA) VALUES ('202', '1', '1', '12', '45');
INSERT INTO "RESPUESTA" (IDRESPUESTA, ALUMNO_IDALUMNO, ALUMNO_CURSO_IDCURSO, PREGUNTA_IDPREGUNTA, ALTERNATIVA_IDALTERNATIVA) VALUES ('203', '1', '1', '13', '49');
INSERT INTO "RESPUESTA" (IDRESPUESTA, ALUMNO_IDALUMNO, ALUMNO_CURSO_IDCURSO, PREGUNTA_IDPREGUNTA, ALTERNATIVA_IDALTERNATIVA) VALUES ('204', '1', '1', '14', '53');
INSERT INTO "RESPUESTA" (IDRESPUESTA, ALUMNO_IDALUMNO, ALUMNO_CURSO_IDCURSO, PREGUNTA_IDPREGUNTA, ALTERNATIVA_IDALTERNATIVA) VALUES ('205', '1', '1', '15', '57');
INSERT INTO "RESPUESTA" (IDRESPUESTA, ALUMNO_IDALUMNO, ALUMNO_CURSO_IDCURSO, PREGUNTA_IDPREGUNTA, ALTERNATIVA_IDALTERNATIVA) VALUES ('206', '1', '1', '16', '61');
INSERT INTO "RESPUESTA" (IDRESPUESTA, ALUMNO_IDALUMNO, ALUMNO_CURSO_IDCURSO, PREGUNTA_IDPREGUNTA, ALTERNATIVA_IDALTERNATIVA) VALUES ('207', '1', '1', '17', '65');
INSERT INTO "RESPUESTA" (IDRESPUESTA, ALUMNO_IDALUMNO, ALUMNO_CURSO_IDCURSO, PREGUNTA_IDPREGUNTA, ALTERNATIVA_IDALTERNATIVA) VALUES ('208', '1', '1', '18', '69');
INSERT INTO "RESPUESTA" (IDRESPUESTA, ALUMNO_IDALUMNO, ALUMNO_CURSO_IDCURSO, PREGUNTA_IDPREGUNTA, ALTERNATIVA_IDALTERNATIVA) VALUES ('209', '1', '1', '19', '73');
INSERT INTO "RESPUESTA" (IDRESPUESTA, ALUMNO_IDALUMNO, ALUMNO_CURSO_IDCURSO, PREGUNTA_IDPREGUNTA, ALTERNATIVA_IDALTERNATIVA) VALUES ('210', '1', '1', '20', '77');
INSERT INTO "RESPUESTA" (IDRESPUESTA, ALUMNO_IDALUMNO, ALUMNO_CURSO_IDCURSO, PREGUNTA_IDPREGUNTA, ALTERNATIVA_IDALTERNATIVA) VALUES ('211', '2', '1', '11', '41');
INSERT INTO "RESPUESTA" (IDRESPUESTA, ALUMNO_IDALUMNO, ALUMNO_CURSO_IDCURSO, PREGUNTA_IDPREGUNTA, ALTERNATIVA_IDALTERNATIVA) VALUES ('212', '2', '1', '12', '45');
INSERT INTO "RESPUESTA" (IDRESPUESTA, ALUMNO_IDALUMNO, ALUMNO_CURSO_IDCURSO, PREGUNTA_IDPREGUNTA, ALTERNATIVA_IDALTERNATIVA) VALUES ('213', '2', '1', '13', '49');
INSERT INTO "RESPUESTA" (IDRESPUESTA, ALUMNO_IDALUMNO, ALUMNO_CURSO_IDCURSO, PREGUNTA_IDPREGUNTA, ALTERNATIVA_IDALTERNATIVA) VALUES ('214', '2', '1', '14', '53');
INSERT INTO "RESPUESTA" (IDRESPUESTA, ALUMNO_IDALUMNO, ALUMNO_CURSO_IDCURSO, PREGUNTA_IDPREGUNTA, ALTERNATIVA_IDALTERNATIVA) VALUES ('215', '2', '1', '15', '57');
INSERT INTO "RESPUESTA" (IDRESPUESTA, ALUMNO_IDALUMNO, ALUMNO_CURSO_IDCURSO, PREGUNTA_IDPREGUNTA, ALTERNATIVA_IDALTERNATIVA) VALUES ('216', '2', '1', '16', '61');
INSERT INTO "RESPUESTA" (IDRESPUESTA, ALUMNO_IDALUMNO, ALUMNO_CURSO_IDCURSO, PREGUNTA_IDPREGUNTA, ALTERNATIVA_IDALTERNATIVA) VALUES ('217', '2', '1', '17', '65');
INSERT INTO "RESPUESTA" (IDRESPUESTA, ALUMNO_IDALUMNO, ALUMNO_CURSO_IDCURSO, PREGUNTA_IDPREGUNTA, ALTERNATIVA_IDALTERNATIVA) VALUES ('218', '2', '1', '18', '69');
INSERT INTO "RESPUESTA" (IDRESPUESTA, ALUMNO_IDALUMNO, ALUMNO_CURSO_IDCURSO, PREGUNTA_IDPREGUNTA, ALTERNATIVA_IDALTERNATIVA) VALUES ('219', '2', '1', '19', '73');
INSERT INTO "RESPUESTA" (IDRESPUESTA, ALUMNO_IDALUMNO, ALUMNO_CURSO_IDCURSO, PREGUNTA_IDPREGUNTA, ALTERNATIVA_IDALTERNATIVA) VALUES ('220', '2', '1', '20', '77');
INSERT INTO "RESPUESTA" (IDRESPUESTA, ALUMNO_IDALUMNO, ALUMNO_CURSO_IDCURSO, PREGUNTA_IDPREGUNTA, ALTERNATIVA_IDALTERNATIVA) VALUES ('221', '3', '1', '11', '41');
INSERT INTO "RESPUESTA" (IDRESPUESTA, ALUMNO_IDALUMNO, ALUMNO_CURSO_IDCURSO, PREGUNTA_IDPREGUNTA, ALTERNATIVA_IDALTERNATIVA) VALUES ('222', '3', '1', '12', '45');
INSERT INTO "RESPUESTA" (IDRESPUESTA, ALUMNO_IDALUMNO, ALUMNO_CURSO_IDCURSO, PREGUNTA_IDPREGUNTA, ALTERNATIVA_IDALTERNATIVA) VALUES ('223', '3', '1', '13', '49');
INSERT INTO "RESPUESTA" (IDRESPUESTA, ALUMNO_IDALUMNO, ALUMNO_CURSO_IDCURSO, PREGUNTA_IDPREGUNTA, ALTERNATIVA_IDALTERNATIVA) VALUES ('224', '3', '1', '14', '53');
INSERT INTO "RESPUESTA" (IDRESPUESTA, ALUMNO_IDALUMNO, ALUMNO_CURSO_IDCURSO, PREGUNTA_IDPREGUNTA, ALTERNATIVA_IDALTERNATIVA) VALUES ('225', '3', '1', '15', '57');
INSERT INTO "RESPUESTA" (IDRESPUESTA, ALUMNO_IDALUMNO, ALUMNO_CURSO_IDCURSO, PREGUNTA_IDPREGUNTA, ALTERNATIVA_IDALTERNATIVA) VALUES ('226', '3', '1', '16', '61');
INSERT INTO "RESPUESTA" (IDRESPUESTA, ALUMNO_IDALUMNO, ALUMNO_CURSO_IDCURSO, PREGUNTA_IDPREGUNTA, ALTERNATIVA_IDALTERNATIVA) VALUES ('227', '3', '1', '17', '65');
INSERT INTO "RESPUESTA" (IDRESPUESTA, ALUMNO_IDALUMNO, ALUMNO_CURSO_IDCURSO, PREGUNTA_IDPREGUNTA, ALTERNATIVA_IDALTERNATIVA) VALUES ('228', '3', '1', '18', '69');
INSERT INTO "RESPUESTA" (IDRESPUESTA, ALUMNO_IDALUMNO, ALUMNO_CURSO_IDCURSO, PREGUNTA_IDPREGUNTA, ALTERNATIVA_IDALTERNATIVA) VALUES ('229', '3', '1', '19', '73');
INSERT INTO "RESPUESTA" (IDRESPUESTA, ALUMNO_IDALUMNO, ALUMNO_CURSO_IDCURSO, PREGUNTA_IDPREGUNTA, ALTERNATIVA_IDALTERNATIVA) VALUES ('230', '3', '1', '20', '77');
INSERT INTO "RESPUESTA" (IDRESPUESTA, ALUMNO_IDALUMNO, ALUMNO_CURSO_IDCURSO, PREGUNTA_IDPREGUNTA, ALTERNATIVA_IDALTERNATIVA) VALUES ('231', '4', '1', '11', '41');
INSERT INTO "RESPUESTA" (IDRESPUESTA, ALUMNO_IDALUMNO, ALUMNO_CURSO_IDCURSO, PREGUNTA_IDPREGUNTA, ALTERNATIVA_IDALTERNATIVA) VALUES ('232', '4', '1', '12', '45');
INSERT INTO "RESPUESTA" (IDRESPUESTA, ALUMNO_IDALUMNO, ALUMNO_CURSO_IDCURSO, PREGUNTA_IDPREGUNTA, ALTERNATIVA_IDALTERNATIVA) VALUES ('233', '4', '1', '13', '49');
INSERT INTO "RESPUESTA" (IDRESPUESTA, ALUMNO_IDALUMNO, ALUMNO_CURSO_IDCURSO, PREGUNTA_IDPREGUNTA, ALTERNATIVA_IDALTERNATIVA) VALUES ('234', '4', '1', '14', '53');
INSERT INTO "RESPUESTA" (IDRESPUESTA, ALUMNO_IDALUMNO, ALUMNO_CURSO_IDCURSO, PREGUNTA_IDPREGUNTA, ALTERNATIVA_IDALTERNATIVA) VALUES ('235', '4', '1', '15', '57');
INSERT INTO "RESPUESTA" (IDRESPUESTA, ALUMNO_IDALUMNO, ALUMNO_CURSO_IDCURSO, PREGUNTA_IDPREGUNTA, ALTERNATIVA_IDALTERNATIVA) VALUES ('236', '4', '1', '16', '61');
INSERT INTO "RESPUESTA" (IDRESPUESTA, ALUMNO_IDALUMNO, ALUMNO_CURSO_IDCURSO, PREGUNTA_IDPREGUNTA, ALTERNATIVA_IDALTERNATIVA) VALUES ('237', '4', '1', '17', '65');
INSERT INTO "RESPUESTA" (IDRESPUESTA, ALUMNO_IDALUMNO, ALUMNO_CURSO_IDCURSO, PREGUNTA_IDPREGUNTA, ALTERNATIVA_IDALTERNATIVA) VALUES ('238', '4', '1', '18', '69');
INSERT INTO "RESPUESTA" (IDRESPUESTA, ALUMNO_IDALUMNO, ALUMNO_CURSO_IDCURSO, PREGUNTA_IDPREGUNTA, ALTERNATIVA_IDALTERNATIVA) VALUES ('239', '4', '1', '19', '73');
INSERT INTO "RESPUESTA" (IDRESPUESTA, ALUMNO_IDALUMNO, ALUMNO_CURSO_IDCURSO, PREGUNTA_IDPREGUNTA, ALTERNATIVA_IDALTERNATIVA) VALUES ('240', '4', '1', '20', '77');
INSERT INTO "RESPUESTA" (IDRESPUESTA, ALUMNO_IDALUMNO, ALUMNO_CURSO_IDCURSO, PREGUNTA_IDPREGUNTA, ALTERNATIVA_IDALTERNATIVA) VALUES ('241', '5', '1', '11', '41');
INSERT INTO "RESPUESTA" (IDRESPUESTA, ALUMNO_IDALUMNO, ALUMNO_CURSO_IDCURSO, PREGUNTA_IDPREGUNTA, ALTERNATIVA_IDALTERNATIVA) VALUES ('242', '5', '1', '12', '45');
INSERT INTO "RESPUESTA" (IDRESPUESTA, ALUMNO_IDALUMNO, ALUMNO_CURSO_IDCURSO, PREGUNTA_IDPREGUNTA, ALTERNATIVA_IDALTERNATIVA) VALUES ('243', '5', '1', '13', '49');
INSERT INTO "RESPUESTA" (IDRESPUESTA, ALUMNO_IDALUMNO, ALUMNO_CURSO_IDCURSO, PREGUNTA_IDPREGUNTA, ALTERNATIVA_IDALTERNATIVA) VALUES ('244', '5', '1', '14', '53');
INSERT INTO "RESPUESTA" (IDRESPUESTA, ALUMNO_IDALUMNO, ALUMNO_CURSO_IDCURSO, PREGUNTA_IDPREGUNTA, ALTERNATIVA_IDALTERNATIVA) VALUES ('245', '5', '1', '15', '57');
INSERT INTO "RESPUESTA" (IDRESPUESTA, ALUMNO_IDALUMNO, ALUMNO_CURSO_IDCURSO, PREGUNTA_IDPREGUNTA, ALTERNATIVA_IDALTERNATIVA) VALUES ('246', '5', '1', '16', '61');
INSERT INTO "RESPUESTA" (IDRESPUESTA, ALUMNO_IDALUMNO, ALUMNO_CURSO_IDCURSO, PREGUNTA_IDPREGUNTA, ALTERNATIVA_IDALTERNATIVA) VALUES ('247', '5', '1', '17', '65');
INSERT INTO "RESPUESTA" (IDRESPUESTA, ALUMNO_IDALUMNO, ALUMNO_CURSO_IDCURSO, PREGUNTA_IDPREGUNTA, ALTERNATIVA_IDALTERNATIVA) VALUES ('248', '5', '1', '18', '69');
INSERT INTO "RESPUESTA" (IDRESPUESTA, ALUMNO_IDALUMNO, ALUMNO_CURSO_IDCURSO, PREGUNTA_IDPREGUNTA, ALTERNATIVA_IDALTERNATIVA) VALUES ('249', '5', '1', '19', '73');
INSERT INTO "RESPUESTA" (IDRESPUESTA, ALUMNO_IDALUMNO, ALUMNO_CURSO_IDCURSO, PREGUNTA_IDPREGUNTA, ALTERNATIVA_IDALTERNATIVA) VALUES ('250', '5', '1', '20', '77');
INSERT INTO "RESPUESTA" (IDRESPUESTA, ALUMNO_IDALUMNO, ALUMNO_CURSO_IDCURSO, PREGUNTA_IDPREGUNTA, ALTERNATIVA_IDALTERNATIVA) VALUES ('251', '6', '1', '11', '41');
INSERT INTO "RESPUESTA" (IDRESPUESTA, ALUMNO_IDALUMNO, ALUMNO_CURSO_IDCURSO, PREGUNTA_IDPREGUNTA, ALTERNATIVA_IDALTERNATIVA) VALUES ('252', '6', '1', '12', '45');
INSERT INTO "RESPUESTA" (IDRESPUESTA, ALUMNO_IDALUMNO, ALUMNO_CURSO_IDCURSO, PREGUNTA_IDPREGUNTA, ALTERNATIVA_IDALTERNATIVA) VALUES ('253', '6', '1', '13', '49');
INSERT INTO "RESPUESTA" (IDRESPUESTA, ALUMNO_IDALUMNO, ALUMNO_CURSO_IDCURSO, PREGUNTA_IDPREGUNTA, ALTERNATIVA_IDALTERNATIVA) VALUES ('254', '6', '1', '14', '53');
INSERT INTO "RESPUESTA" (IDRESPUESTA, ALUMNO_IDALUMNO, ALUMNO_CURSO_IDCURSO, PREGUNTA_IDPREGUNTA, ALTERNATIVA_IDALTERNATIVA) VALUES ('255', '6', '1', '15', '57');
INSERT INTO "RESPUESTA" (IDRESPUESTA, ALUMNO_IDALUMNO, ALUMNO_CURSO_IDCURSO, PREGUNTA_IDPREGUNTA, ALTERNATIVA_IDALTERNATIVA) VALUES ('256', '6', '1', '16', '61');
INSERT INTO "RESPUESTA" (IDRESPUESTA, ALUMNO_IDALUMNO, ALUMNO_CURSO_IDCURSO, PREGUNTA_IDPREGUNTA, ALTERNATIVA_IDALTERNATIVA) VALUES ('257', '6', '1', '17', '65');
INSERT INTO "RESPUESTA" (IDRESPUESTA, ALUMNO_IDALUMNO, ALUMNO_CURSO_IDCURSO, PREGUNTA_IDPREGUNTA, ALTERNATIVA_IDALTERNATIVA) VALUES ('258', '6', '1', '18', '69');
INSERT INTO "RESPUESTA" (IDRESPUESTA, ALUMNO_IDALUMNO, ALUMNO_CURSO_IDCURSO, PREGUNTA_IDPREGUNTA, ALTERNATIVA_IDALTERNATIVA) VALUES ('259', '6', '1', '19', '73');
INSERT INTO "RESPUESTA" (IDRESPUESTA, ALUMNO_IDALUMNO, ALUMNO_CURSO_IDCURSO, PREGUNTA_IDPREGUNTA, ALTERNATIVA_IDALTERNATIVA) VALUES ('260', '6', '1', '20', '77');
INSERT INTO "RESPUESTA" (IDRESPUESTA, ALUMNO_IDALUMNO, ALUMNO_CURSO_IDCURSO, PREGUNTA_IDPREGUNTA, ALTERNATIVA_IDALTERNATIVA) VALUES ('261', '7', '1', '11', '41');
INSERT INTO "RESPUESTA" (IDRESPUESTA, ALUMNO_IDALUMNO, ALUMNO_CURSO_IDCURSO, PREGUNTA_IDPREGUNTA, ALTERNATIVA_IDALTERNATIVA) VALUES ('262', '7', '1', '12', '45');
INSERT INTO "RESPUESTA" (IDRESPUESTA, ALUMNO_IDALUMNO, ALUMNO_CURSO_IDCURSO, PREGUNTA_IDPREGUNTA, ALTERNATIVA_IDALTERNATIVA) VALUES ('263', '7', '1', '13', '49');
INSERT INTO "RESPUESTA" (IDRESPUESTA, ALUMNO_IDALUMNO, ALUMNO_CURSO_IDCURSO, PREGUNTA_IDPREGUNTA, ALTERNATIVA_IDALTERNATIVA) VALUES ('264', '7', '1', '14', '53');
INSERT INTO "RESPUESTA" (IDRESPUESTA, ALUMNO_IDALUMNO, ALUMNO_CURSO_IDCURSO, PREGUNTA_IDPREGUNTA, ALTERNATIVA_IDALTERNATIVA) VALUES ('265', '7', '1', '15', '57');
INSERT INTO "RESPUESTA" (IDRESPUESTA, ALUMNO_IDALUMNO, ALUMNO_CURSO_IDCURSO, PREGUNTA_IDPREGUNTA, ALTERNATIVA_IDALTERNATIVA) VALUES ('266', '7', '1', '16', '61');
INSERT INTO "RESPUESTA" (IDRESPUESTA, ALUMNO_IDALUMNO, ALUMNO_CURSO_IDCURSO, PREGUNTA_IDPREGUNTA, ALTERNATIVA_IDALTERNATIVA) VALUES ('267', '7', '1', '17', '65');
INSERT INTO "RESPUESTA" (IDRESPUESTA, ALUMNO_IDALUMNO, ALUMNO_CURSO_IDCURSO, PREGUNTA_IDPREGUNTA, ALTERNATIVA_IDALTERNATIVA) VALUES ('268', '7', '1', '18', '69');
INSERT INTO "RESPUESTA" (IDRESPUESTA, ALUMNO_IDALUMNO, ALUMNO_CURSO_IDCURSO, PREGUNTA_IDPREGUNTA, ALTERNATIVA_IDALTERNATIVA) VALUES ('269', '7', '1', '19', '73');
INSERT INTO "RESPUESTA" (IDRESPUESTA, ALUMNO_IDALUMNO, ALUMNO_CURSO_IDCURSO, PREGUNTA_IDPREGUNTA, ALTERNATIVA_IDALTERNATIVA) VALUES ('270', '7', '1', '20', '77');
INSERT INTO "RESPUESTA" (IDRESPUESTA, ALUMNO_IDALUMNO, ALUMNO_CURSO_IDCURSO, PREGUNTA_IDPREGUNTA, ALTERNATIVA_IDALTERNATIVA) VALUES ('271', '8', '1', '11', '41');
INSERT INTO "RESPUESTA" (IDRESPUESTA, ALUMNO_IDALUMNO, ALUMNO_CURSO_IDCURSO, PREGUNTA_IDPREGUNTA, ALTERNATIVA_IDALTERNATIVA) VALUES ('272', '8', '1', '12', '45');
INSERT INTO "RESPUESTA" (IDRESPUESTA, ALUMNO_IDALUMNO, ALUMNO_CURSO_IDCURSO, PREGUNTA_IDPREGUNTA, ALTERNATIVA_IDALTERNATIVA) VALUES ('273', '8', '1', '13', '49');
INSERT INTO "RESPUESTA" (IDRESPUESTA, ALUMNO_IDALUMNO, ALUMNO_CURSO_IDCURSO, PREGUNTA_IDPREGUNTA, ALTERNATIVA_IDALTERNATIVA) VALUES ('274', '8', '1', '14', '53');
INSERT INTO "RESPUESTA" (IDRESPUESTA, ALUMNO_IDALUMNO, ALUMNO_CURSO_IDCURSO, PREGUNTA_IDPREGUNTA, ALTERNATIVA_IDALTERNATIVA) VALUES ('275', '8', '1', '15', '57');
INSERT INTO "RESPUESTA" (IDRESPUESTA, ALUMNO_IDALUMNO, ALUMNO_CURSO_IDCURSO, PREGUNTA_IDPREGUNTA, ALTERNATIVA_IDALTERNATIVA) VALUES ('276', '8', '1', '16', '61');
INSERT INTO "RESPUESTA" (IDRESPUESTA, ALUMNO_IDALUMNO, ALUMNO_CURSO_IDCURSO, PREGUNTA_IDPREGUNTA, ALTERNATIVA_IDALTERNATIVA) VALUES ('277', '8', '1', '17', '65');
INSERT INTO "RESPUESTA" (IDRESPUESTA, ALUMNO_IDALUMNO, ALUMNO_CURSO_IDCURSO, PREGUNTA_IDPREGUNTA, ALTERNATIVA_IDALTERNATIVA) VALUES ('278', '8', '1', '18', '69');
INSERT INTO "RESPUESTA" (IDRESPUESTA, ALUMNO_IDALUMNO, ALUMNO_CURSO_IDCURSO, PREGUNTA_IDPREGUNTA, ALTERNATIVA_IDALTERNATIVA) VALUES ('279', '8', '1', '19', '73');
INSERT INTO "RESPUESTA" (IDRESPUESTA, ALUMNO_IDALUMNO, ALUMNO_CURSO_IDCURSO, PREGUNTA_IDPREGUNTA, ALTERNATIVA_IDALTERNATIVA) VALUES ('280', '8', '1', '20', '77');
INSERT INTO "RESPUESTA" (IDRESPUESTA, ALUMNO_IDALUMNO, ALUMNO_CURSO_IDCURSO, PREGUNTA_IDPREGUNTA, ALTERNATIVA_IDALTERNATIVA) VALUES ('281', '9', '1', '11', '41');
INSERT INTO "RESPUESTA" (IDRESPUESTA, ALUMNO_IDALUMNO, ALUMNO_CURSO_IDCURSO, PREGUNTA_IDPREGUNTA, ALTERNATIVA_IDALTERNATIVA) VALUES ('282', '9', '1', '12', '45');
INSERT INTO "RESPUESTA" (IDRESPUESTA, ALUMNO_IDALUMNO, ALUMNO_CURSO_IDCURSO, PREGUNTA_IDPREGUNTA, ALTERNATIVA_IDALTERNATIVA) VALUES ('283', '9', '1', '13', '49');
INSERT INTO "RESPUESTA" (IDRESPUESTA, ALUMNO_IDALUMNO, ALUMNO_CURSO_IDCURSO, PREGUNTA_IDPREGUNTA, ALTERNATIVA_IDALTERNATIVA) VALUES ('284', '9', '1', '14', '53');
INSERT INTO "RESPUESTA" (IDRESPUESTA, ALUMNO_IDALUMNO, ALUMNO_CURSO_IDCURSO, PREGUNTA_IDPREGUNTA, ALTERNATIVA_IDALTERNATIVA) VALUES ('285', '9', '1', '15', '57');
INSERT INTO "RESPUESTA" (IDRESPUESTA, ALUMNO_IDALUMNO, ALUMNO_CURSO_IDCURSO, PREGUNTA_IDPREGUNTA, ALTERNATIVA_IDALTERNATIVA) VALUES ('286', '9', '1', '16', '61');
INSERT INTO "RESPUESTA" (IDRESPUESTA, ALUMNO_IDALUMNO, ALUMNO_CURSO_IDCURSO, PREGUNTA_IDPREGUNTA, ALTERNATIVA_IDALTERNATIVA) VALUES ('287', '9', '1', '17', '65');
INSERT INTO "RESPUESTA" (IDRESPUESTA, ALUMNO_IDALUMNO, ALUMNO_CURSO_IDCURSO, PREGUNTA_IDPREGUNTA, ALTERNATIVA_IDALTERNATIVA) VALUES ('288', '9', '1', '18', '69');
INSERT INTO "RESPUESTA" (IDRESPUESTA, ALUMNO_IDALUMNO, ALUMNO_CURSO_IDCURSO, PREGUNTA_IDPREGUNTA, ALTERNATIVA_IDALTERNATIVA) VALUES ('289', '9', '1', '19', '73');
INSERT INTO "RESPUESTA" (IDRESPUESTA, ALUMNO_IDALUMNO, ALUMNO_CURSO_IDCURSO, PREGUNTA_IDPREGUNTA, ALTERNATIVA_IDALTERNATIVA) VALUES ('290', '9', '1', '20', '77');
INSERT INTO "RESPUESTA" (IDRESPUESTA, ALUMNO_IDALUMNO, ALUMNO_CURSO_IDCURSO, PREGUNTA_IDPREGUNTA, ALTERNATIVA_IDALTERNATIVA) VALUES ('291', '10', '1', '11', '41');
INSERT INTO "RESPUESTA" (IDRESPUESTA, ALUMNO_IDALUMNO, ALUMNO_CURSO_IDCURSO, PREGUNTA_IDPREGUNTA, ALTERNATIVA_IDALTERNATIVA) VALUES ('292', '10', '1', '12', '45');
INSERT INTO "RESPUESTA" (IDRESPUESTA, ALUMNO_IDALUMNO, ALUMNO_CURSO_IDCURSO, PREGUNTA_IDPREGUNTA, ALTERNATIVA_IDALTERNATIVA) VALUES ('293', '10', '1', '13', '49');
INSERT INTO "RESPUESTA" (IDRESPUESTA, ALUMNO_IDALUMNO, ALUMNO_CURSO_IDCURSO, PREGUNTA_IDPREGUNTA, ALTERNATIVA_IDALTERNATIVA) VALUES ('294', '10', '1', '14', '53');
INSERT INTO "RESPUESTA" (IDRESPUESTA, ALUMNO_IDALUMNO, ALUMNO_CURSO_IDCURSO, PREGUNTA_IDPREGUNTA, ALTERNATIVA_IDALTERNATIVA) VALUES ('295', '10', '1', '15', '57');
INSERT INTO "RESPUESTA" (IDRESPUESTA, ALUMNO_IDALUMNO, ALUMNO_CURSO_IDCURSO, PREGUNTA_IDPREGUNTA, ALTERNATIVA_IDALTERNATIVA) VALUES ('296', '10', '1', '16', '61');
INSERT INTO "RESPUESTA" (IDRESPUESTA, ALUMNO_IDALUMNO, ALUMNO_CURSO_IDCURSO, PREGUNTA_IDPREGUNTA, ALTERNATIVA_IDALTERNATIVA) VALUES ('297', '10', '1', '17', '65');
INSERT INTO "RESPUESTA" (IDRESPUESTA, ALUMNO_IDALUMNO, ALUMNO_CURSO_IDCURSO, PREGUNTA_IDPREGUNTA, ALTERNATIVA_IDALTERNATIVA) VALUES ('298', '10', '1', '18', '69');
INSERT INTO "RESPUESTA" (IDRESPUESTA, ALUMNO_IDALUMNO, ALUMNO_CURSO_IDCURSO, PREGUNTA_IDPREGUNTA, ALTERNATIVA_IDALTERNATIVA) VALUES ('299', '10', '1', '19', '73');
INSERT INTO "RESPUESTA" (IDRESPUESTA, ALUMNO_IDALUMNO, ALUMNO_CURSO_IDCURSO, PREGUNTA_IDPREGUNTA, ALTERNATIVA_IDALTERNATIVA) VALUES ('300', '10', '1', '20', '77');
INSERT INTO "RESPUESTA" (IDRESPUESTA, ALUMNO_IDALUMNO, ALUMNO_CURSO_IDCURSO, PREGUNTA_IDPREGUNTA, ALTERNATIVA_IDALTERNATIVA) VALUES ('301', '11', '2', '11', '41');
INSERT INTO "RESPUESTA" (IDRESPUESTA, ALUMNO_IDALUMNO, ALUMNO_CURSO_IDCURSO, PREGUNTA_IDPREGUNTA, ALTERNATIVA_IDALTERNATIVA) VALUES ('302', '11', '2', '12', '45');
INSERT INTO "RESPUESTA" (IDRESPUESTA, ALUMNO_IDALUMNO, ALUMNO_CURSO_IDCURSO, PREGUNTA_IDPREGUNTA, ALTERNATIVA_IDALTERNATIVA) VALUES ('303', '11', '2', '13', '49');
INSERT INTO "RESPUESTA" (IDRESPUESTA, ALUMNO_IDALUMNO, ALUMNO_CURSO_IDCURSO, PREGUNTA_IDPREGUNTA, ALTERNATIVA_IDALTERNATIVA) VALUES ('304', '11', '2', '14', '53');
INSERT INTO "RESPUESTA" (IDRESPUESTA, ALUMNO_IDALUMNO, ALUMNO_CURSO_IDCURSO, PREGUNTA_IDPREGUNTA, ALTERNATIVA_IDALTERNATIVA) VALUES ('305', '11', '2', '15', '57');
INSERT INTO "RESPUESTA" (IDRESPUESTA, ALUMNO_IDALUMNO, ALUMNO_CURSO_IDCURSO, PREGUNTA_IDPREGUNTA, ALTERNATIVA_IDALTERNATIVA) VALUES ('306', '11', '2', '16', '61');
INSERT INTO "RESPUESTA" (IDRESPUESTA, ALUMNO_IDALUMNO, ALUMNO_CURSO_IDCURSO, PREGUNTA_IDPREGUNTA, ALTERNATIVA_IDALTERNATIVA) VALUES ('307', '11', '2', '17', '65');
INSERT INTO "RESPUESTA" (IDRESPUESTA, ALUMNO_IDALUMNO, ALUMNO_CURSO_IDCURSO, PREGUNTA_IDPREGUNTA, ALTERNATIVA_IDALTERNATIVA) VALUES ('308', '11', '2', '18', '69');
INSERT INTO "RESPUESTA" (IDRESPUESTA, ALUMNO_IDALUMNO, ALUMNO_CURSO_IDCURSO, PREGUNTA_IDPREGUNTA, ALTERNATIVA_IDALTERNATIVA) VALUES ('309', '11', '2', '19', '73');
INSERT INTO "RESPUESTA" (IDRESPUESTA, ALUMNO_IDALUMNO, ALUMNO_CURSO_IDCURSO, PREGUNTA_IDPREGUNTA, ALTERNATIVA_IDALTERNATIVA) VALUES ('310', '11', '2', '20', '77');
INSERT INTO "RESPUESTA" (IDRESPUESTA, ALUMNO_IDALUMNO, ALUMNO_CURSO_IDCURSO, PREGUNTA_IDPREGUNTA, ALTERNATIVA_IDALTERNATIVA) VALUES ('311', '12', '2', '11', '41');
INSERT INTO "RESPUESTA" (IDRESPUESTA, ALUMNO_IDALUMNO, ALUMNO_CURSO_IDCURSO, PREGUNTA_IDPREGUNTA, ALTERNATIVA_IDALTERNATIVA) VALUES ('312', '12', '2', '12', '45');
INSERT INTO "RESPUESTA" (IDRESPUESTA, ALUMNO_IDALUMNO, ALUMNO_CURSO_IDCURSO, PREGUNTA_IDPREGUNTA, ALTERNATIVA_IDALTERNATIVA) VALUES ('313', '12', '2', '13', '49');
INSERT INTO "RESPUESTA" (IDRESPUESTA, ALUMNO_IDALUMNO, ALUMNO_CURSO_IDCURSO, PREGUNTA_IDPREGUNTA, ALTERNATIVA_IDALTERNATIVA) VALUES ('314', '12', '2', '14', '53');
INSERT INTO "RESPUESTA" (IDRESPUESTA, ALUMNO_IDALUMNO, ALUMNO_CURSO_IDCURSO, PREGUNTA_IDPREGUNTA, ALTERNATIVA_IDALTERNATIVA) VALUES ('315', '12', '2', '15', '57');
INSERT INTO "RESPUESTA" (IDRESPUESTA, ALUMNO_IDALUMNO, ALUMNO_CURSO_IDCURSO, PREGUNTA_IDPREGUNTA, ALTERNATIVA_IDALTERNATIVA) VALUES ('316', '12', '2', '16', '61');
INSERT INTO "RESPUESTA" (IDRESPUESTA, ALUMNO_IDALUMNO, ALUMNO_CURSO_IDCURSO, PREGUNTA_IDPREGUNTA, ALTERNATIVA_IDALTERNATIVA) VALUES ('317', '12', '2', '17', '65');
INSERT INTO "RESPUESTA" (IDRESPUESTA, ALUMNO_IDALUMNO, ALUMNO_CURSO_IDCURSO, PREGUNTA_IDPREGUNTA, ALTERNATIVA_IDALTERNATIVA) VALUES ('318', '12', '2', '18', '69');
INSERT INTO "RESPUESTA" (IDRESPUESTA, ALUMNO_IDALUMNO, ALUMNO_CURSO_IDCURSO, PREGUNTA_IDPREGUNTA, ALTERNATIVA_IDALTERNATIVA) VALUES ('319', '12', '2', '19', '73');
INSERT INTO "RESPUESTA" (IDRESPUESTA, ALUMNO_IDALUMNO, ALUMNO_CURSO_IDCURSO, PREGUNTA_IDPREGUNTA, ALTERNATIVA_IDALTERNATIVA) VALUES ('320', '12', '2', '20', '77');
INSERT INTO "RESPUESTA" (IDRESPUESTA, ALUMNO_IDALUMNO, ALUMNO_CURSO_IDCURSO, PREGUNTA_IDPREGUNTA, ALTERNATIVA_IDALTERNATIVA) VALUES ('321', '13', '2', '11', '41');
INSERT INTO "RESPUESTA" (IDRESPUESTA, ALUMNO_IDALUMNO, ALUMNO_CURSO_IDCURSO, PREGUNTA_IDPREGUNTA, ALTERNATIVA_IDALTERNATIVA) VALUES ('322', '13', '2', '12', '45');
INSERT INTO "RESPUESTA" (IDRESPUESTA, ALUMNO_IDALUMNO, ALUMNO_CURSO_IDCURSO, PREGUNTA_IDPREGUNTA, ALTERNATIVA_IDALTERNATIVA) VALUES ('323', '13', '2', '13', '49');
INSERT INTO "RESPUESTA" (IDRESPUESTA, ALUMNO_IDALUMNO, ALUMNO_CURSO_IDCURSO, PREGUNTA_IDPREGUNTA, ALTERNATIVA_IDALTERNATIVA) VALUES ('324', '13', '2', '14', '53');
INSERT INTO "RESPUESTA" (IDRESPUESTA, ALUMNO_IDALUMNO, ALUMNO_CURSO_IDCURSO, PREGUNTA_IDPREGUNTA, ALTERNATIVA_IDALTERNATIVA) VALUES ('325', '13', '2', '15', '57');
INSERT INTO "RESPUESTA" (IDRESPUESTA, ALUMNO_IDALUMNO, ALUMNO_CURSO_IDCURSO, PREGUNTA_IDPREGUNTA, ALTERNATIVA_IDALTERNATIVA) VALUES ('326', '13', '2', '16', '61');
INSERT INTO "RESPUESTA" (IDRESPUESTA, ALUMNO_IDALUMNO, ALUMNO_CURSO_IDCURSO, PREGUNTA_IDPREGUNTA, ALTERNATIVA_IDALTERNATIVA) VALUES ('327', '13', '2', '17', '65');
INSERT INTO "RESPUESTA" (IDRESPUESTA, ALUMNO_IDALUMNO, ALUMNO_CURSO_IDCURSO, PREGUNTA_IDPREGUNTA, ALTERNATIVA_IDALTERNATIVA) VALUES ('328', '13', '2', '18', '69');
INSERT INTO "RESPUESTA" (IDRESPUESTA, ALUMNO_IDALUMNO, ALUMNO_CURSO_IDCURSO, PREGUNTA_IDPREGUNTA, ALTERNATIVA_IDALTERNATIVA) VALUES ('329', '13', '2', '19', '73');
INSERT INTO "RESPUESTA" (IDRESPUESTA, ALUMNO_IDALUMNO, ALUMNO_CURSO_IDCURSO, PREGUNTA_IDPREGUNTA, ALTERNATIVA_IDALTERNATIVA) VALUES ('330', '13', '2', '20', '77');
INSERT INTO "RESPUESTA" (IDRESPUESTA, ALUMNO_IDALUMNO, ALUMNO_CURSO_IDCURSO, PREGUNTA_IDPREGUNTA, ALTERNATIVA_IDALTERNATIVA) VALUES ('331', '14', '2', '11', '41');
INSERT INTO "RESPUESTA" (IDRESPUESTA, ALUMNO_IDALUMNO, ALUMNO_CURSO_IDCURSO, PREGUNTA_IDPREGUNTA, ALTERNATIVA_IDALTERNATIVA) VALUES ('332', '14', '2', '12', '45');
INSERT INTO "RESPUESTA" (IDRESPUESTA, ALUMNO_IDALUMNO, ALUMNO_CURSO_IDCURSO, PREGUNTA_IDPREGUNTA, ALTERNATIVA_IDALTERNATIVA) VALUES ('333', '14', '2', '13', '49');
INSERT INTO "RESPUESTA" (IDRESPUESTA, ALUMNO_IDALUMNO, ALUMNO_CURSO_IDCURSO, PREGUNTA_IDPREGUNTA, ALTERNATIVA_IDALTERNATIVA) VALUES ('334', '14', '2', '14', '53');
INSERT INTO "RESPUESTA" (IDRESPUESTA, ALUMNO_IDALUMNO, ALUMNO_CURSO_IDCURSO, PREGUNTA_IDPREGUNTA, ALTERNATIVA_IDALTERNATIVA) VALUES ('335', '14', '2', '15', '57');
INSERT INTO "RESPUESTA" (IDRESPUESTA, ALUMNO_IDALUMNO, ALUMNO_CURSO_IDCURSO, PREGUNTA_IDPREGUNTA, ALTERNATIVA_IDALTERNATIVA) VALUES ('336', '14', '2', '16', '61');
INSERT INTO "RESPUESTA" (IDRESPUESTA, ALUMNO_IDALUMNO, ALUMNO_CURSO_IDCURSO, PREGUNTA_IDPREGUNTA, ALTERNATIVA_IDALTERNATIVA) VALUES ('337', '14', '2', '17', '65');
INSERT INTO "RESPUESTA" (IDRESPUESTA, ALUMNO_IDALUMNO, ALUMNO_CURSO_IDCURSO, PREGUNTA_IDPREGUNTA, ALTERNATIVA_IDALTERNATIVA) VALUES ('338', '14', '2', '18', '69');
INSERT INTO "RESPUESTA" (IDRESPUESTA, ALUMNO_IDALUMNO, ALUMNO_CURSO_IDCURSO, PREGUNTA_IDPREGUNTA, ALTERNATIVA_IDALTERNATIVA) VALUES ('339', '14', '2', '19', '73');
INSERT INTO "RESPUESTA" (IDRESPUESTA, ALUMNO_IDALUMNO, ALUMNO_CURSO_IDCURSO, PREGUNTA_IDPREGUNTA, ALTERNATIVA_IDALTERNATIVA) VALUES ('340', '14', '2', '20', '77');
INSERT INTO "RESPUESTA" (IDRESPUESTA, ALUMNO_IDALUMNO, ALUMNO_CURSO_IDCURSO, PREGUNTA_IDPREGUNTA, ALTERNATIVA_IDALTERNATIVA) VALUES ('341', '15', '2', '11', '41');
INSERT INTO "RESPUESTA" (IDRESPUESTA, ALUMNO_IDALUMNO, ALUMNO_CURSO_IDCURSO, PREGUNTA_IDPREGUNTA, ALTERNATIVA_IDALTERNATIVA) VALUES ('342', '15', '2', '12', '45');
INSERT INTO "RESPUESTA" (IDRESPUESTA, ALUMNO_IDALUMNO, ALUMNO_CURSO_IDCURSO, PREGUNTA_IDPREGUNTA, ALTERNATIVA_IDALTERNATIVA) VALUES ('343', '15', '2', '13', '49');
INSERT INTO "RESPUESTA" (IDRESPUESTA, ALUMNO_IDALUMNO, ALUMNO_CURSO_IDCURSO, PREGUNTA_IDPREGUNTA, ALTERNATIVA_IDALTERNATIVA) VALUES ('344', '15', '2', '14', '53');
INSERT INTO "RESPUESTA" (IDRESPUESTA, ALUMNO_IDALUMNO, ALUMNO_CURSO_IDCURSO, PREGUNTA_IDPREGUNTA, ALTERNATIVA_IDALTERNATIVA) VALUES ('345', '15', '2', '15', '57');
INSERT INTO "RESPUESTA" (IDRESPUESTA, ALUMNO_IDALUMNO, ALUMNO_CURSO_IDCURSO, PREGUNTA_IDPREGUNTA, ALTERNATIVA_IDALTERNATIVA) VALUES ('346', '15', '2', '16', '61');
INSERT INTO "RESPUESTA" (IDRESPUESTA, ALUMNO_IDALUMNO, ALUMNO_CURSO_IDCURSO, PREGUNTA_IDPREGUNTA, ALTERNATIVA_IDALTERNATIVA) VALUES ('347', '15', '2', '17', '65');
INSERT INTO "RESPUESTA" (IDRESPUESTA, ALUMNO_IDALUMNO, ALUMNO_CURSO_IDCURSO, PREGUNTA_IDPREGUNTA, ALTERNATIVA_IDALTERNATIVA) VALUES ('348', '15', '2', '18', '69');
INSERT INTO "RESPUESTA" (IDRESPUESTA, ALUMNO_IDALUMNO, ALUMNO_CURSO_IDCURSO, PREGUNTA_IDPREGUNTA, ALTERNATIVA_IDALTERNATIVA) VALUES ('349', '15', '2', '19', '73');
INSERT INTO "RESPUESTA" (IDRESPUESTA, ALUMNO_IDALUMNO, ALUMNO_CURSO_IDCURSO, PREGUNTA_IDPREGUNTA, ALTERNATIVA_IDALTERNATIVA) VALUES ('350', '15', '2', '20', '77');
INSERT INTO "RESPUESTA" (IDRESPUESTA, ALUMNO_IDALUMNO, ALUMNO_CURSO_IDCURSO, PREGUNTA_IDPREGUNTA, ALTERNATIVA_IDALTERNATIVA) VALUES ('351', '16', '2', '11', '41');
INSERT INTO "RESPUESTA" (IDRESPUESTA, ALUMNO_IDALUMNO, ALUMNO_CURSO_IDCURSO, PREGUNTA_IDPREGUNTA, ALTERNATIVA_IDALTERNATIVA) VALUES ('352', '16', '2', '12', '45');
INSERT INTO "RESPUESTA" (IDRESPUESTA, ALUMNO_IDALUMNO, ALUMNO_CURSO_IDCURSO, PREGUNTA_IDPREGUNTA, ALTERNATIVA_IDALTERNATIVA) VALUES ('353', '16', '2', '13', '49');
INSERT INTO "RESPUESTA" (IDRESPUESTA, ALUMNO_IDALUMNO, ALUMNO_CURSO_IDCURSO, PREGUNTA_IDPREGUNTA, ALTERNATIVA_IDALTERNATIVA) VALUES ('354', '16', '2', '14', '53');
INSERT INTO "RESPUESTA" (IDRESPUESTA, ALUMNO_IDALUMNO, ALUMNO_CURSO_IDCURSO, PREGUNTA_IDPREGUNTA, ALTERNATIVA_IDALTERNATIVA) VALUES ('355', '16', '2', '15', '57');
INSERT INTO "RESPUESTA" (IDRESPUESTA, ALUMNO_IDALUMNO, ALUMNO_CURSO_IDCURSO, PREGUNTA_IDPREGUNTA, ALTERNATIVA_IDALTERNATIVA) VALUES ('356', '16', '2', '16', '61');
INSERT INTO "RESPUESTA" (IDRESPUESTA, ALUMNO_IDALUMNO, ALUMNO_CURSO_IDCURSO, PREGUNTA_IDPREGUNTA, ALTERNATIVA_IDALTERNATIVA) VALUES ('357', '16', '2', '17', '65');
INSERT INTO "RESPUESTA" (IDRESPUESTA, ALUMNO_IDALUMNO, ALUMNO_CURSO_IDCURSO, PREGUNTA_IDPREGUNTA, ALTERNATIVA_IDALTERNATIVA) VALUES ('358', '16', '2', '18', '69');
INSERT INTO "RESPUESTA" (IDRESPUESTA, ALUMNO_IDALUMNO, ALUMNO_CURSO_IDCURSO, PREGUNTA_IDPREGUNTA, ALTERNATIVA_IDALTERNATIVA) VALUES ('359', '16', '2', '19', '73');
INSERT INTO "RESPUESTA" (IDRESPUESTA, ALUMNO_IDALUMNO, ALUMNO_CURSO_IDCURSO, PREGUNTA_IDPREGUNTA, ALTERNATIVA_IDALTERNATIVA) VALUES ('360', '16', '2', '20', '77');
INSERT INTO "RESPUESTA" (IDRESPUESTA, ALUMNO_IDALUMNO, ALUMNO_CURSO_IDCURSO, PREGUNTA_IDPREGUNTA, ALTERNATIVA_IDALTERNATIVA) VALUES ('361', '17', '2', '11', '41');
INSERT INTO "RESPUESTA" (IDRESPUESTA, ALUMNO_IDALUMNO, ALUMNO_CURSO_IDCURSO, PREGUNTA_IDPREGUNTA, ALTERNATIVA_IDALTERNATIVA) VALUES ('362', '17', '2', '12', '45');
INSERT INTO "RESPUESTA" (IDRESPUESTA, ALUMNO_IDALUMNO, ALUMNO_CURSO_IDCURSO, PREGUNTA_IDPREGUNTA, ALTERNATIVA_IDALTERNATIVA) VALUES ('363', '17', '2', '13', '49');
INSERT INTO "RESPUESTA" (IDRESPUESTA, ALUMNO_IDALUMNO, ALUMNO_CURSO_IDCURSO, PREGUNTA_IDPREGUNTA, ALTERNATIVA_IDALTERNATIVA) VALUES ('364', '17', '2', '14', '53');
INSERT INTO "RESPUESTA" (IDRESPUESTA, ALUMNO_IDALUMNO, ALUMNO_CURSO_IDCURSO, PREGUNTA_IDPREGUNTA, ALTERNATIVA_IDALTERNATIVA) VALUES ('365', '17', '2', '15', '57');
INSERT INTO "RESPUESTA" (IDRESPUESTA, ALUMNO_IDALUMNO, ALUMNO_CURSO_IDCURSO, PREGUNTA_IDPREGUNTA, ALTERNATIVA_IDALTERNATIVA) VALUES ('366', '17', '2', '16', '61');
INSERT INTO "RESPUESTA" (IDRESPUESTA, ALUMNO_IDALUMNO, ALUMNO_CURSO_IDCURSO, PREGUNTA_IDPREGUNTA, ALTERNATIVA_IDALTERNATIVA) VALUES ('367', '17', '2', '17', '65');
INSERT INTO "RESPUESTA" (IDRESPUESTA, ALUMNO_IDALUMNO, ALUMNO_CURSO_IDCURSO, PREGUNTA_IDPREGUNTA, ALTERNATIVA_IDALTERNATIVA) VALUES ('368', '17', '2', '18', '69');
INSERT INTO "RESPUESTA" (IDRESPUESTA, ALUMNO_IDALUMNO, ALUMNO_CURSO_IDCURSO, PREGUNTA_IDPREGUNTA, ALTERNATIVA_IDALTERNATIVA) VALUES ('369', '17', '2', '19', '73');
INSERT INTO "RESPUESTA" (IDRESPUESTA, ALUMNO_IDALUMNO, ALUMNO_CURSO_IDCURSO, PREGUNTA_IDPREGUNTA, ALTERNATIVA_IDALTERNATIVA) VALUES ('370', '17', '2', '20', '77');
INSERT INTO "RESPUESTA" (IDRESPUESTA, ALUMNO_IDALUMNO, ALUMNO_CURSO_IDCURSO, PREGUNTA_IDPREGUNTA, ALTERNATIVA_IDALTERNATIVA) VALUES ('371', '18', '2', '11', '41');
INSERT INTO "RESPUESTA" (IDRESPUESTA, ALUMNO_IDALUMNO, ALUMNO_CURSO_IDCURSO, PREGUNTA_IDPREGUNTA, ALTERNATIVA_IDALTERNATIVA) VALUES ('372', '18', '2', '12', '45');
INSERT INTO "RESPUESTA" (IDRESPUESTA, ALUMNO_IDALUMNO, ALUMNO_CURSO_IDCURSO, PREGUNTA_IDPREGUNTA, ALTERNATIVA_IDALTERNATIVA) VALUES ('373', '18', '2', '13', '49');
INSERT INTO "RESPUESTA" (IDRESPUESTA, ALUMNO_IDALUMNO, ALUMNO_CURSO_IDCURSO, PREGUNTA_IDPREGUNTA, ALTERNATIVA_IDALTERNATIVA) VALUES ('374', '18', '2', '14', '53');
INSERT INTO "RESPUESTA" (IDRESPUESTA, ALUMNO_IDALUMNO, ALUMNO_CURSO_IDCURSO, PREGUNTA_IDPREGUNTA, ALTERNATIVA_IDALTERNATIVA) VALUES ('375', '18', '2', '15', '57');
INSERT INTO "RESPUESTA" (IDRESPUESTA, ALUMNO_IDALUMNO, ALUMNO_CURSO_IDCURSO, PREGUNTA_IDPREGUNTA, ALTERNATIVA_IDALTERNATIVA) VALUES ('376', '18', '2', '16', '61');
INSERT INTO "RESPUESTA" (IDRESPUESTA, ALUMNO_IDALUMNO, ALUMNO_CURSO_IDCURSO, PREGUNTA_IDPREGUNTA, ALTERNATIVA_IDALTERNATIVA) VALUES ('377', '18', '2', '17', '65');
INSERT INTO "RESPUESTA" (IDRESPUESTA, ALUMNO_IDALUMNO, ALUMNO_CURSO_IDCURSO, PREGUNTA_IDPREGUNTA, ALTERNATIVA_IDALTERNATIVA) VALUES ('378', '18', '2', '18', '69');
INSERT INTO "RESPUESTA" (IDRESPUESTA, ALUMNO_IDALUMNO, ALUMNO_CURSO_IDCURSO, PREGUNTA_IDPREGUNTA, ALTERNATIVA_IDALTERNATIVA) VALUES ('379', '18', '2', '19', '73');
INSERT INTO "RESPUESTA" (IDRESPUESTA, ALUMNO_IDALUMNO, ALUMNO_CURSO_IDCURSO, PREGUNTA_IDPREGUNTA, ALTERNATIVA_IDALTERNATIVA) VALUES ('380', '18', '2', '20', '77');
INSERT INTO "RESPUESTA" (IDRESPUESTA, ALUMNO_IDALUMNO, ALUMNO_CURSO_IDCURSO, PREGUNTA_IDPREGUNTA, ALTERNATIVA_IDALTERNATIVA) VALUES ('381', '19', '2', '11', '41');
INSERT INTO "RESPUESTA" (IDRESPUESTA, ALUMNO_IDALUMNO, ALUMNO_CURSO_IDCURSO, PREGUNTA_IDPREGUNTA, ALTERNATIVA_IDALTERNATIVA) VALUES ('382', '19', '2', '12', '45');
INSERT INTO "RESPUESTA" (IDRESPUESTA, ALUMNO_IDALUMNO, ALUMNO_CURSO_IDCURSO, PREGUNTA_IDPREGUNTA, ALTERNATIVA_IDALTERNATIVA) VALUES ('383', '19', '2', '13', '49');
INSERT INTO "RESPUESTA" (IDRESPUESTA, ALUMNO_IDALUMNO, ALUMNO_CURSO_IDCURSO, PREGUNTA_IDPREGUNTA, ALTERNATIVA_IDALTERNATIVA) VALUES ('384', '19', '2', '14', '53');
INSERT INTO "RESPUESTA" (IDRESPUESTA, ALUMNO_IDALUMNO, ALUMNO_CURSO_IDCURSO, PREGUNTA_IDPREGUNTA, ALTERNATIVA_IDALTERNATIVA) VALUES ('385', '19', '2', '15', '57');
INSERT INTO "RESPUESTA" (IDRESPUESTA, ALUMNO_IDALUMNO, ALUMNO_CURSO_IDCURSO, PREGUNTA_IDPREGUNTA, ALTERNATIVA_IDALTERNATIVA) VALUES ('386', '19', '2', '16', '61');
INSERT INTO "RESPUESTA" (IDRESPUESTA, ALUMNO_IDALUMNO, ALUMNO_CURSO_IDCURSO, PREGUNTA_IDPREGUNTA, ALTERNATIVA_IDALTERNATIVA) VALUES ('387', '19', '2', '17', '65');
INSERT INTO "RESPUESTA" (IDRESPUESTA, ALUMNO_IDALUMNO, ALUMNO_CURSO_IDCURSO, PREGUNTA_IDPREGUNTA, ALTERNATIVA_IDALTERNATIVA) VALUES ('388', '19', '2', '18', '69');
INSERT INTO "RESPUESTA" (IDRESPUESTA, ALUMNO_IDALUMNO, ALUMNO_CURSO_IDCURSO, PREGUNTA_IDPREGUNTA, ALTERNATIVA_IDALTERNATIVA) VALUES ('389', '19', '2', '19', '73');
INSERT INTO "RESPUESTA" (IDRESPUESTA, ALUMNO_IDALUMNO, ALUMNO_CURSO_IDCURSO, PREGUNTA_IDPREGUNTA, ALTERNATIVA_IDALTERNATIVA) VALUES ('390', '19', '2', '20', '77');
INSERT INTO "RESPUESTA" (IDRESPUESTA, ALUMNO_IDALUMNO, ALUMNO_CURSO_IDCURSO, PREGUNTA_IDPREGUNTA, ALTERNATIVA_IDALTERNATIVA) VALUES ('391', '20', '2', '11', '41');
INSERT INTO "RESPUESTA" (IDRESPUESTA, ALUMNO_IDALUMNO, ALUMNO_CURSO_IDCURSO, PREGUNTA_IDPREGUNTA, ALTERNATIVA_IDALTERNATIVA) VALUES ('392', '20', '2', '12', '45');
INSERT INTO "RESPUESTA" (IDRESPUESTA, ALUMNO_IDALUMNO, ALUMNO_CURSO_IDCURSO, PREGUNTA_IDPREGUNTA, ALTERNATIVA_IDALTERNATIVA) VALUES ('393', '20', '2', '13', '49');
INSERT INTO "RESPUESTA" (IDRESPUESTA, ALUMNO_IDALUMNO, ALUMNO_CURSO_IDCURSO, PREGUNTA_IDPREGUNTA, ALTERNATIVA_IDALTERNATIVA) VALUES ('394', '20', '2', '14', '53');
INSERT INTO "RESPUESTA" (IDRESPUESTA, ALUMNO_IDALUMNO, ALUMNO_CURSO_IDCURSO, PREGUNTA_IDPREGUNTA, ALTERNATIVA_IDALTERNATIVA) VALUES ('395', '20', '2', '15', '57');
INSERT INTO "RESPUESTA" (IDRESPUESTA, ALUMNO_IDALUMNO, ALUMNO_CURSO_IDCURSO, PREGUNTA_IDPREGUNTA, ALTERNATIVA_IDALTERNATIVA) VALUES ('396', '20', '2', '16', '61');
INSERT INTO "RESPUESTA" (IDRESPUESTA, ALUMNO_IDALUMNO, ALUMNO_CURSO_IDCURSO, PREGUNTA_IDPREGUNTA, ALTERNATIVA_IDALTERNATIVA) VALUES ('397', '20', '2', '17', '65');
INSERT INTO "RESPUESTA" (IDRESPUESTA, ALUMNO_IDALUMNO, ALUMNO_CURSO_IDCURSO, PREGUNTA_IDPREGUNTA, ALTERNATIVA_IDALTERNATIVA) VALUES ('398', '20', '2', '18', '69');
INSERT INTO "RESPUESTA" (IDRESPUESTA, ALUMNO_IDALUMNO, ALUMNO_CURSO_IDCURSO, PREGUNTA_IDPREGUNTA, ALTERNATIVA_IDALTERNATIVA) VALUES ('399', '20', '2', '19', '73');
INSERT INTO "RESPUESTA" (IDRESPUESTA, ALUMNO_IDALUMNO, ALUMNO_CURSO_IDCURSO, PREGUNTA_IDPREGUNTA, ALTERNATIVA_IDALTERNATIVA) VALUES ('400', '20', '2', '20', '77');